fulcrum_id,q1_site,q2_district,survey_site,deidentified_village,q6_communities,q7_protected_area,q8_travel_time_muncipal_admin,q9_public_trans_freq,q10_time_dist_headquarter,q11_walk_time_all_weather_road,q12_travel_time_higher_secondary,q13_subcenter_walk_time,q14_phc_travel_time,q15_taluk_hosp,q16_priv_clinic,q17_priv_hospital,q18_regular_electric,q19_solar_supply,q20_avg_pow_sup,q21_drinking_water_yard,q22_no_public_tanks,hand_pump,spring_water,q24_surface,q25_water_collect_time,q26_ro_plant,q27_non_tribal,q28_tribal_population,latitude,longitude
003dc0ef-5d11-4410-afbe-f14ce75d6c41,Central India,Kanha,Kanha,KanhaR762,mix,Outside,60,3,200,0,30,30,30,60,30,200,90,0,22,0,0,,0,0,10,0,75.0,750,22.2843025,80.766193
24ce4e0c-d40a-4fd8-8ad2-1e0f71a4260a,Central India,Kanha,Kanha,KanhaA532,mix,Outside,90,0,120,30,30,10,30,90,120,120,100,0,22,0,0,7.0,0,0,20,0,30.0,565,22.0446903,80.9167508
8ebbbfc1-4151-44e6-9ad2-b386bec1f0f2,Central India,Kanha,Kanha,Kanha`278,mix,Outside,30,5,120,0,0,0,30,30,30,30,100,0,22,50,0,,0,0,10,0,250.0,1500,22.4603802,80.5887672
173445a2-fe39-4f5d-ac4e-db5e2e77289f,Central India,Kanha,Kanha,Kanha[137,mix,Outside,60,6,90,0,10,10,60,60,60,90,100,0,23,40,10,,0,0,10,0,190.0,1050,22.5129023,80.4808658
b9d72004-4e91-4a52-8cff-0d85108b5d8c,Central India,Kanha,Kanha,KanhaL323,mix,Outside,90,0,240,30,45,60,60,90,60,240,90,0,18,0,0,4.0,0,0,20,0,216.0,630,22.1970847,80.7643445
a9e94ca4-bd00-4bcf-b3d3-66d7698d4e6f,Central India,Kanha,Kanha,KanhaL234,mix,Inside,120,0,180,45,60,30,60,120,120,180,90,0,22,0,0,10.0,0,0,20,0,196.0,140,22.4107182,80.4693596
5bea6631-a6a6-47b3-b7ed-3b82b3c8cf29,Central India,Kanha,Kanha,KanhaA670,mix,Outside,30,1,180,0,0,10,30,30,30,180,100,0,20,0,0,12.0,0,0,10,0,538.0,300,22.1160084,80.7275673
f948ac1a-6587-4bb2-b99a-120e5d277e1a,Central India,Kanha,Kanha,KanhaP760,mix,Outside,120,4,240,0,10,60,30,90,30,240,75,5,20,0,20,,0,0,20,0,250.0,856,22.298144,80.7745902
1405251e-7d02-4642-a20a-5a82e46a45da,Central India,Kanha,Kanha,Kanhac933,mix,Outside,180,0,240,20,60,60,60,180,60,240,100,0,20,0,0,1.0,0,0,30,0,690.0,40,22.3060757,80.7657017
bc80f67f-99ba-4a53-8e1e-ed652a840b47,Central India,Kanha,Kanha,KanhaD276,mix,Outside,60,2,300,0,20,0,20,60,60,300,100,0,22,30,1,12.0,0,0,10,0,630.0,218,22.2500762,80.4926105
ba86dc6d-ecde-4a97-829e-5b49d0ce0653,Central India,Kanha,Kanha,KanhaI806,mix,Outside,60,0,180,30,30,30,60,60,60,180,100,0,24,50,0,,0,0,20,0,400.0,40,22.227609,80.4904273
d6e2d6a3-b054-486b-bb86-6438ca0120df,Central India,Kanha,Kanha,KanhaO585,mix,Outside,180,3,140,0,10,0,100,140,120,140,90,0,22,0,0,,0,0,0,0,80.0,720,22.4023328,80.4352598
03fa51ed-98bf-4767-9a4e-71d753216b81,Central India,Kanha,Kanha,Kanha[296,mix,Outside,120,4,300,10,60,30,60,120,60,300,90,0,24,0,0,13.0,0,0,20,0,230.0,1680,22.0938228,80.8437475
3f6d2962-ba15-478e-8c42-c18f7fe7d82b,Central India,Kanha,Kanha,Kanha^628,mix,Inside,90,0,240,60,60,60,90,120,120,240,100,0,24,0,0,,0,0,15,0,20.0,256,22.4489294,80.5437277
adf7baff-5f55-4685-aeaf-0c97cd2c0bdd,Central India,Kanha,Kanha,KanhaG231,mix,Inside,180,0,120,30,30,10,30,180,60,120,100,0,22,0,0,,0,0,10,0,459.0,160,22.2908683,80.4776572
15bfe527-6ef4-457d-8a97-28b90fe08d66,Central India,Kanha,Kanha,Kanha_567,mix,Outside,120,2,240,0,20,0,30,120,30,240,100,0,24,70,1,10.0,0,0,10,0,500.0,290,22.2212388,80.5339144
5a507a7e-a864-4ee0-be41-eaa83ac2d41e,Central India,Kanha,Kanha,KanhaQ535,mix,Outside,90,0,180,20,0,0,30,90,30,180,100,0,20,50,1,4.0,0,0,10,0,30.0,516,22.1901128,80.8048157
32867a5c-c76f-4f19-8cdc-b53113077675,Central India,Kanha,Kanha,KanhaV528,mix,Outside,90,1,240,5,20,20,60,90,90,240,100,0,20,70,1,7.0,0,0,10,0,340.0,326,22.2210203,80.5138807
136bf7de-64fe-4964-96da-334bc0bed6dd,Central India,Kanha,Kanha,KanhaD768,mix,Inside,120,0,150,20,30,30,120,120,120,150,90,0,22,0,0,5.0,0,0,30,0,30.0,270,22.4065214,80.4734021
67c5ff23-a929-45d9-8275-f29256af4dcd,Central India,Kanha,Kanha,KanhaD868,mix,Outside,30,6,150,0,30,20,30,30,30,45,100,0,24,0,0,,0,0,20,0,30.0,690,22.4481682,80.6123972
4b0cf943-a238-41e4-a4fd-4a69cd86bce1,Central India,Kanha,Kanha,KanhaP935,mix,Outside,45,5,180,0,30,30,30,45,30,180,100,0,12,0,0,2.0,0,0,20,0,20.0,780,22.2025781,80.7397187
1a6369cc-6bd6-48a2-b969-d0031e1638bb,Central India,Kanha,Kanha,KanhaC101,mix,Outside,90,1,240,0,0,0,45,90,60,240,90,0,24,60,1,10.0,0,0,10,0,200.0,1563,22.2138514,80.52961
9af1786f-1639-4f33-8c87-d79d21847988,Central India,Kanha,Kanha,KanhaF319,mix,Inside,120,0,200,20,20,30,120,120,120,200,100,0,16,0,0,6.0,0,0,10,0,10.0,1480,22.1306114,80.6611543
525c4b74-101f-4b64-bb7f-02582259a705,Central India,Kanha,Kanha,KanhaH622,mix,Inside,90,2,240,10,0,10,10,90,90,90,95,0,22,0,10,,0,0,10,0,55.0,490,22.1746347,80.7753827
ef8a4771-e3b2-4cac-9fda-1b664e527e88,Central India,Kanha,Kanha,KanhaX842,mix,Outside,130,3,180,0,10,0,60,130,60,180,100,0,22,0,0,,0,0,10,0,60.0,604,22.433227,80.4724993
fa72412f-966d-490c-a27f-86ad0a803c1e,Central India,Kanha,Kanha,KanhaI296,mix,Outside,80,0,140,20,10,10,80,80,80,140,100,0,20,0,0,,0,0,10,0,70.0,530,22.4214211,80.4773209
93b48c61-35cf-4457-9fba-6f7de0f92c7f,Central India,Kanha,Kanha,KanhaI156,mix,Outside,120,4,300,0,20,10,20,120,120,120,100,0,13,0,0,,0,0,20,0,250.0,1000,22.2962627,80.7420553
5ac51837-7315-4000-8511-22dde4c1ed2e,Central India,Kanha,Kanha,KanhaP992,mix,Outside,240,2,250,0,0,0,0,240,30,30,100,0,24,0,0,,0,0,10,0,1100.0,300,22.3081178,80.4838936
fea796ea-e3c8-42ec-8d77-fd7bc9fabe8e,Central India,Kanha,Kanha,Kanhab346,mix,Outside,90,2,240,0,30,30,30,90,30,240,100,0,24,0,0,8.0,0,0,10,0,190.0,465,22.2276586,80.5082669
a10e1d52-5343-4cd4-8dd3-009263c95436,Central India,Kanha,Kanha,KanhaG998,mix,Outside,60,4,180,0,0,0,0,60,60,180,90,0,24,7,1,12.0,0,0,10,0,400.0,1100,22.3244723,80.7715028
200d0108-bad8-4ef0-a18f-bd04b41ee5b9,Central India,Kanha,Kanha,KanhaQ701,mix,Outside,70,0,120,30,30,30,50,70,45,45,80,0,16,0,0,,0,0,30,0,74.0,512,22.4676297,80.5567613
03ffca2e-d8e6-47c4-9f72-e54f974128cf,Central India,Kanha,Kanha,KanhaK911,mix,Outside,30,0,180,30,0,20,30,30,30,60,100,0,20,0,0,32.0,0,0,10,0,110.0,1360,22.1382914,80.713515
3ec4b746-b13f-42f1-b25a-4ae71e9ac1e7,Central India,Kanha,Kanha,KanhaM923,mix,Outside,45,3,180,0,0,10,30,45,10,30,100,0,24,0,0,7.0,0,0,20,0,437.0,200,22.1026688,80.7065345
3aaafbeb-9c52-4844-b772-71c39fd2c805,Central India,Kanha,Kanha,KanhaD539,mix,Outside,60,4,180,0,0,20,30,60,30,180,90,0,22,0,0,10.0,0,0,10,0,190.0,1024,22.224677,80.7746106
b2175d5f-b915-464b-8efc-bb99ecadffc3,Central India,Kanha,Kanha,Kanhab828,mix,Outside,60,2,180,0,60,10,60,60,30,180,100,0,24,0,0,,0,0,10,0,430.0,160,22.2345654,80.4609986
10393e63-2acf-43e0-8dad-a904320ac6f5,Kerala,wayanad,Wayanad,WayanadL367,mix,Outside,40,0,160,10,40,60,10,70,40,70,90,0,24,0,1,,100,0,5,0,0.0,40,11.91859885,76.0346942
408a772c-b8dc-4834-8824-1140b656f637,Kerala,wayanad,Wayanad,Wayanadc267,tribal,Outside,30,10,150,5,30,45,5,60,30,60,100,0,24,0,0,,100,0,30,0,0.0,90,11.91192987,76.03556894
792b5f41-e526-4d8f-a43d-206e0bc44239,Kerala,wayanad,Wayanad,WayanadC156,tribal,Inside,30,4,150,2,30,15,5,60,30,60,100,0,24,0,1,,100,0,5,0,0.0,51,11.90169662,76.02379337
a493f11c-dca2-4b1b-b330-e94fcd5dd6c7,Kerala,wayanad,Wayanad,WayanadO522,tribal,Inside,60,0,105,10,30,30,30,60,30,60,100,0,24,100,0,,100,0,10,0,0.0,236,11.95670258,76.06870327
bc3c0acc-3ea0-450c-a0a5-e660cfa912d1,Kerala,wayanad,Wayanad,WayanadK663,mix,Inside,45,4,165,2,15,15,15,75,45,75,100,0,24,100,0,,0,0,5,0,18.0,49,11.90472369,76.0049713
a23c7b00-91f5-43a4-a99d-5c9961a0bc58,Kerala,wayanad,Wayanad,WayanadH350,tribal,Inside,50,0,180,30,50,30,45,105,50,105,100,0,24,70,0,,100,0,5,0,0.0,167,11.93358827,76.0348947
6470bd72-27ca-43df-91b5-6089d5cf925a,Kerala,wayanad,Wayanad,WayanadG579,tribal,Outside,45,0,135,2,20,30,45,60,45,60,100,0,24,100,0,,0,0,5,0,0.0,64,11.855305,76.037836
8679dafe-a7fa-4f7c-ad2f-f30f72378580,Kerala,wayanad,Wayanad,WayanadL435,tribal,Outside,40,0,130,2,15,45,45,60,45,60,100,0,24,100,0,,100,0,5,0,0.0,294,11.855725,76.036924
426b51a2-ad5e-4126-b2d9-b337379d20dd,Kerala,wayanad,Wayanad,Wayanad`435,tribal,Outside,30,0,120,10,25,20,30,30,30,30,100,0,24,0,0,,100,0,5,0,0.0,22,11.8356862,76.0276955
cc701dbb-504c-4316-aed2-b25cd4952736,Kerala,wayanad,Wayanad,Wayanadc378,mix,Outside,25,0,145,10,25,10,25,55,25,55,60,0,24,0,1,,100,0,2,0,,82,11.88728549,76.04359277
03638d3e-5dc7-4cf6-b016-8a336d885b86,Kerala,wayanad,Wayanad,WayanadR987,tribal,Outside,15,0,110,5,15,15,15,25,15,25,100,0,24,0,0,,100,0,15,0,0.0,88,11.83332148,76.04360484
f96e35a4-a427-4325-84b8-177a53497c7d,Kerala,wayanad,Wayanad,Wayanad^295,tribal,Outside,45,10,165,2,45,45,2,75,45,75,100,0,24,0,0,,100,0,5,0,0.0,199,11.90903574,76.03160966
9145138b-6359-4ace-95cd-fd1873eefb70,Kerala,wayanad,Wayanad,WayanadH812,mix,Outside,60,0,180,30,60,50,35,90,60,90,100,0,24,0,1,,100,0,2,0,10.0,190,11.91761339,76.01836793
92661cfc-2a1f-4d75-80f3-d1c0ace24f47,Kerala,wayanad,Wayanad,WayanadO393,tribal,Outside,10,10,140,5,10,10,10,35,10,35,100,0,24,100,2,,0,0,2,0,0.0,201,11.86507546,76.05833083
49d3802a-0049-4aca-a9fc-022a743c6718,Kerala,wayanad,Wayanad,WayanadJ740,mix,Outside,20,10,90,2,20,5,15,45,20,45,90,0,24,0,0,,100,0,5,0,0.0,40,11.9462601,76.06295798
bb65496d-5590-4ae0-a985-235fff692475,Kerala,wayanad,Wayanad,WayanadF228,mix,Inside,60,20,90,5,10,30,30,45,15,45,100,2,24,30,0,,0,100,0,0,15.0,321,11.83401716,76.0762842
6f8bf6ed-5cf6-46f5-aa5b-9262f6527bbe,Kerala,wayanad,Wayanad,WayanadR304,tribal,Outside,60,0,150,5,60,30,25,90,60,90,20,0,24,0,0,,100,0,10,0,0.0,9,11.93647492,76.0449674
6d59e227-dca8-4a7f-8253-89dd7d24c80c,Kerala,wayanad,Wayanad,WayanadY540,tribal,Outside,5,10,120,5,5,5,5,30,5,30,100,0,24,100,0,,0,0,2,0,0.0,38,11.84436977,76.06496561
fe68b2e4-186e-445b-86ef-392c675f2601,Kerala,wayanad,Wayanad,WayanadQ419,mix,Inside,10,0,120,10,10,10,10,35,10,35,100,0,24,100,1,,100,0,10,0,17.0,19,11.84552481,76.07002258
e68f2565-f0ad-45cd-97db-f52cbc49cd87,Kerala,wayanad,Wayanad,WayanadM786,tribal,Inside,30,22,45,2,30,2,15,45,30,45,100,0,24,100,1,,0,0,5,0,0.0,58,11.94717297,76.06501993
0e2adea6-a9ff-4d4b-a487-1c5dc8ff5a7c,Kerala,wayanad,Wayanad,WayanadP611,mix,Outside,10,0,120,5,10,10,10,30,10,30,100,0,24,10,0,,100,0,5,0,,23,11.8478549,76.054447
2f98d177-2619-45ea-92dd-f1b87503d2c5,Kerala,wayanad,Wayanad,Wayanadb447,mix,Outside,10,2,120,2,10,10,10,30,10,30,100,0,24,0,0,,100,0,15,0,,25,11.84686295,76.05441347
aa40e74c-f918-4326-a123-462c0b9d7faf,Kerala,wayanad,Wayanad,WayanadU327,tribal,Outside,10,2,110,5,10,20,10,20,10,20,99,0,24,0,1,,100,0,5,0,0.0,123,11.84058041,76.04617808
971590f6-e781-4579-8683-6a1a172a424f,Kerala,wayanad,Wayanad,WayanadT426,tribal,Outside,20,2,110,2,20,30,20,30,20,30,100,0,24,100,0,,0,0,2,0,0.0,16,11.84281144,76.04186106
19c61163-a3a5-4627-9053-66dd302fce7e,Kerala,wayanad,Wayanad,WayanadK428,tribal,Outside,15,0,115,10,15,10,15,25,15,25,100,0,24,0,0,,100,0,5,0,0.0,29,11.84343163,76.04566008
2faf14b4-3de1-4002-99fe-6aa2bfb8545f,Kerala,wayanad,Wayanad,WayanadS417,tribal,Outside,40,0,160,10,15,30,15,70,40,70,100,0,24,0,0,,100,0,10,0,0.0,18,11.91870677,76.03499159
4f9d28cc-82d3-4bd6-b68c-98005278cb14,Kerala,wayanad,Wayanad,WayanadJ774,tribal,Outside,40,0,160,10,15,25,15,70,40,70,99,20,24,0,0,,100,0,10,0,0.0,30,11.91811104,76.03594881
f2b734bd-84bf-4f78-bec9-45c8d0895668,Kerala,wayanad,Wayanad,WayanadY836,tribal,Outside,40,0,160,10,40,20,15,70,40,70,100,0,24,0,0,,100,0,0,0,0.0,38,11.91775576,76.03634175
f1ff2f68-4fb8-427f-a76c-cb0d44788681,Kerala,wayanad,Wayanad,Wayanad[233,mix,Outside,30,0,120,5,30,10,15,60,30,60,80,0,24,100,2,,100,0,30,0,0.0,50,11.93383888,76.05108988
12f2d021-10bd-4201-bbee-f5c0017c5174,Kerala,wayanad,Wayanad,WayanadR296,tribal,Inside,45,0,165,5,10,10,20,75,45,75,100,0,12,100,0,,0,0,5,0,0.0,189,11.90214607,76.00509904
48a4fe1e-8b51-4c48-a190-21623093c9b0,Kerala,wayanad,Wayanad,WayanadF409,mix,Outside,40,0,130,15,25,10,45,40,45,40,90,0,24,100,0,,100,0,5,0,5.0,79,11.8592806,76.03082344
8c83e524-3754-46f0-adca-2dbe3d2ef85f,Kerala,wayanad,Wayanad,Wayanad_786,mix,Outside,20,5,140,2,5,15,20,35,20,35,100,0,24,100,0,,100,0,5,0,,74,11.84812397,76.04033422
af9ef7cc-2b2f-4948-8c1e-74afeb0e7473,Kerala,wayanad,Wayanad,WayanadV443,mix,Outside,45,10,120,2,60,30,15,60,30,60,100,0,24,100,1,,100,0,5,0,8.0,69,11.91782662,76.04510218
26d63f4b-ae3e-4fcc-8024-ceff8bb86828,Kerala,wayanad,Wayanad,Wayanadc241,tribal,Outside,30,6,150,5,30,10,20,60,30,60,98,0,24,0,0,,100,0,5,0,0.0,280,11.91547318,76.04821321
ec95fa0e-b640-4342-a119-d4bfd890e597,Kerala,wayanad,Wayanad,Wayanad`661,mix,Outside,45,0,165,15,45,45,60,75,45,75,100,0,24,0,0,,100,0,5,0,9.0,17,11.92573708,76.03242539
cded795d-f541-469f-a818-277ac2df4713,Kerala,wayanad,Wayanad,WayanadA658,tribal,Outside,45,0,165,15,45,20,45,75,45,75,100,0,24,100,1,,0,0,5,0,0.0,67,11.88829698,76.03371888
295576bf-1f25-4554-807c-86ac155f52b0,Kerala,wayanad,Wayanad,WayanadL578,mix,Outside,60,0,75,30,60,45,60,75,60,90,100,0,24,50,1,,50,0,15,0,3.0,27,11.94367009,76.04694083
8c144eca-764a-402f-8980-a026e1c95d3e,Kerala,wayanad,Wayanad,WayanadF426,tribal,Inside,15,5,135,2,15,15,15,45,15,45,100,0,24,0,0,,100,100,15,0,0.0,655,11.88638063,76.07737653
2c3a6813-8373-44f6-a4c6-1c12d80b160b,Kerala,wayanad,Wayanad,WayanadK336,mix,Inside,30,5,150,2,30,30,10,60,30,60,100,0,24,100,0,,100,0,5,0,17.0,152,11.90415056,76.04363032
70dc9bcb-c7cb-4c93-ba08-fd80db40745e,Kerala,wayanad,Wayanad,WayanadL402,tribal,Outside,25,0,145,10,25,25,25,55,25,55,20,0,0,0,0,,100,0,15,0,0.0,16,11.8564978,76.0537342
ce7839da-e519-464b-af18-25e7ca35b930,Kerala,wayanad,Wayanad,WayanadO656,tribal,Inside,50,0,170,20,50,30,30,80,50,80,100,0,24,50,1,,100,0,30,0,0.0,128,11.91115795,76.04484301
a991e04a-a8f7-4ff4-838b-575634e5cae8,Kerala,wayanad,Wayanad,WayanadW611,mix,Outside,30,0,150,10,15,5,30,45,35,45,100,0,0,100,1,,100,0,5,0,5.0,121,11.84929934,76.02508955
f1b5939f-51d3-4c78-93e5-de5963710bfb,Kerala,wayanad,Wayanad,Wayanadb860,tribal,Outside,10,5,140,5,10,10,10,35,10,35,100,0,24,100,0,,0,0,20,0,0.0,111,11.86478049,76.05105434
f896b54b-3001-4bb3-a2c0-4eff62040c43,Kerala,wayanad,Wayanad,WayanadH178,tribal,Outside,40,0,160,10,30,30,10,70,40,70,100,0,24,100,0,,0,0,2,0,0.0,53,11.91377715,76.03685003
c9ef83f4-8694-4f15-bd59-9cb206190870,Kerala,wayanad,Wayanad,Wayanad@695,tribal,Outside,5,10,120,2,5,5,5,30,5,30,100,0,24,0,0,,100,0,2,0,0.0,20,11.84835301,76.06149785
6d6f7ebe-f48f-4331-b4f6-ed3786995ed8,Kerala,wayanad,Wayanad,Wayanad@707,tribal,Outside,45,0,165,15,15,15,30,75,45,75,100,0,24,100,0,,100,0,2,0,0.0,22,11.90151224,75.99952407
f233b907-6274-4b6d-ba55-21a14aaaeab8,Kerala,wayanad,Wayanad,WayanadZ707,tribal,Outside,15,5,135,20,20,10,15,45,15,45,100,0,24,0,0,,1,0,5,0,0.0,33,11.84928096,76.04709104
816804b0-1c47-4e86-9baf-c60adbb15fac,Kerala,wayanad,Wayanad,Wayanad`173,mix,Outside,60,0,150,10,60,20,30,90,60,90,100,0,24,100,0,,80,0,10,0,0.0,15,11.9316437,76.05247356
c6b7908f-7731-4309-8baa-fa8128139662,Kerala,wayanad,Wayanad,WayanadO918,tribal,Outside,30,5,150,2,20,30,10,45,25,45,100,1,24,0,0,,100,0,5,0,0.0,40,11.91207192,76.03720006
1565c6ed-ef02-4fe1-8ad8-e3a9258904f8,Kerala,wayanad,Wayanad,WayanadO283,mix,Outside,40,0,160,10,40,40,40,70,40,70,90,0,24,0,0,,100,0,10,0,,25,11.82659529,76.08144511
c9486328-c4ed-40d4-8ea4-31d55066b4ac,Kerala,wayanad,Wayanad,WayanadV669,mix,Outside,45,0,165,15,45,45,20,75,45,75,80,0,24,0,0,,100,0,10,0,27.0,20,11.92312555,76.0327087
a97832f0-57a3-45b2-a862-dca5a54969c0,Kerala,wayanad,Wayanad,WayanadS242,tribal,Inside,45,0,165,45,45,45,45,75,45,75,100,0,24,0,0,,100,0,5,0,0.0,12,11.8415819,76.08742677
70fb7296-917d-40f8-8b73-7102210a8c36,Kerala,wayanad,Wayanad,WayanadW241,tribal,Inside,35,0,155,35,35,65,35,65,35,65,100,0,24,0,0,,100,0,5,0,0.0,84,11.8383451,76.0867143
9f8bb6d0-bc14-41fb-9dbe-737ff113559e,Kerala,wayanad,Wayanad,WayanadX680,mix,Outside,15,0,135,5,15,15,15,45,15,45,100,0,24,0,0,,100,0,5,0,13.0,92,11.8519001,76.05042502
9ab57056-75b5-4184-bece-12bd7d10baf0,Kerala,wayanad,Wayanad,WayanadJ691,tribal,Inside,30,0,150,15,30,15,30,60,30,60,100,0,24,0,0,,100,0,2,0,0.0,24,11.89119002,76.04758289
d37acb67-84e3-4572-b251-b30a04776a0f,Kerala,wayanad,Wayanad,WayanadE834,tribal,Outside,30,0,150,5,5,30,20,60,30,60,100,0,24,100,0,,0,0,5,0,0.0,176,11.90944352,75.99491671
7e146c7f-ed60-42fd-bd3e-c9559ebeb146,Kerala,wayanad,Wayanad,Wayanad^189,mix,Outside,40,10,135,2,40,15,20,90,40,60,100,0,24,100,0,,100,0,20,0,14.0,29,11.94090652,76.05404064
7db8e195-ef63-46f2-8de8-c4a980084f19,Kerala,wayanad,Wayanad,WayanadL508,tribal,Outside,30,2,150,2,30,5,5,60,30,60,100,0,24,100,0,,100,0,30,0,0.0,10,11.9053936,76.03293534
0c6b3b9d-769e-4f5c-a792-bce8947e6fc0,Kerala,wayanad,Wayanad,WayanadR161,tribal,Outside,30,1,150,10,5,45,25,60,30,60,100,0,24,20,1,,80,100,2,0,0.0,189,11.90901934,75.99197298
fe2c0d6e-fa98-4959-a3c7-61672516c3b1,Kerala,wayanad,Wayanad,Wayanadc785,tribal,Inside,15,0,135,3,15,15,15,45,15,45,100,20,24,0,0,,100,0,5,0,0.0,176,11.86520309,76.074582
1df39eb7-fa2c-486e-ab85-f7f055a3bec9,Kerala,wayanad,Wayanad,WayanadV740,tribal,Inside,30,5,150,2,30,10,30,60,30,60,100,0,24,100,1,,100,0,5,0,0.0,160,11.90325822,76.04930487
763e33d9-be1c-4704-86b3-82e70a9b9e68,Kerala,wayanad,Wayanad,Wayanad\985,tribal,Outside,15,2,120,2,15,10,20,30,20,30,100,0,24,0,0,,100,0,5,0,0.0,22,11.835703,76.0398185
9eed7444-6d1e-43ec-9a7f-003bea00f55b,Kerala,wayanad,Wayanad,WayanadB170,tribal,Outside,30,8,140,5,45,30,10,60,30,60,20,0,24,2,0,,0,0,2,0,0.0,9,11.90978601,76.03518102
52814d98-998c-4675-b37d-ac705d443cc5,Kerala,wayanad,Wayanad,WayanadQ116,tribal,Outside,40,0,130,15,30,30,40,45,40,45,100,0,24,100,0,,0,0,5,0,0.0,154,11.84765474,76.01830624
db2da51c-8094-4fdc-9823-fd9895498e68,Kerala,wayanad,Wayanad,Wayanad_545,tribal,Inside,45,0,165,45,45,45,45,75,45,75,100,0,24,0,0,,100,0,5,0,0.0,46,11.8351775,76.08477406
86600421-056d-49fa-a5cd-ab1240cdca55,Kerala,wayanad,Wayanad,WayanadX392,tribal,Outside,35,0,155,15,35,15,35,65,35,65,100,0,24,0,0,,100,0,30,0,0.0,168,11.88184676,76.04155865
330fae5f-d457-469b-a493-23630ab4d4e3,Kerala,wayanad,Wayanad,Wayanad@680,mix,Outside,30,0,120,15,15,10,30,45,30,45,90,20,24,100,1,,100,0,2,0,,63,11.85142759,76.01813156
7a3296c7-44d8-43a4-8cda-4c8910435b1d,Kerala,wayanad,Wayanad,Wayanadc557,tribal,Outside,5,10,125,5,5,5,5,35,5,35,100,0,24,99,0,,100,0,5,0,0.0,113,11.85789987,76.06328957
4c905e9a-02ce-48eb-8080-1ac096738aff,Kerala,wayanad,Wayanad,Wayanad_473,mix,Outside,30,0,120,10,10,10,30,30,30,30,100,0,24,100,0,,100,0,10,0,5.0,19,11.84065096,76.03490107
ebfee206-d8fd-46ce-ad09-1d7f3dc5b1ee,Kerala,wayanad,Wayanad,WayanadY208,mix,Outside,15,0,135,10,20,30,15,45,15,45,100,0,24,40,0,,60,0,10,0,10.0,98,11.84900435,76.04806066
afd3ba4a-a056-4bee-aa14-d36a2c0c755e,Kerala,wayanad,Wayanad,Wayanada133,tribal,Outside,55,0,175,15,25,20,40,85,55,85,100,0,24,0,0,,100,0,10,0,0.0,82,11.89738871,76.00057114
022eb5d5-6079-498c-b2d0-d12460a501eb,Kerala,wayanad,Wayanad,WayanadF311,tribal,Outside,10,4,120,2,10,10,10,30,10,30,100,0,24,0,0,,100,0,5,0,0.0,20,11.83222578,76.05976179
0d740418-8bac-428d-8bff-53157468f2d8,Kerala,wayanad,Wayanad,Wayanad_910,mix,Outside,20,0,140,10,20,10,20,50,20,50,100,0,24,50,0,,50,0,5,0,4.0,28,11.832339,76.06870495
b702fcb3-5cc6-4195-9f51-b7524329f150,Kerala,wayanad,Wayanad,Wayanad^968,tribal,Inside,30,0,150,15,30,30,30,60,30,60,100,0,24,0,0,,100,0,5,0,0.0,35,11.83304682,76.0828888
5d083479-f814-4fdc-b45a-bd8b5541a00d,Kerala,wayanad,Wayanad,WayanadI426,tribal,Outside,30,5,150,5,15,15,25,60,30,60,100,0,24,0,0,,100,0,10,0,0.0,21,11.9119174,75.99812865
86f6664e-a5b6-4d37-9f2a-03ad37c84851,Kerala,wayanad,Wayanad,Wayanadb662,mix,Outside,45,0,165,10,15,30,30,75,45,75,100,0,24,0,0,,100,0,5,0,6.0,31,11.90514165,75.99925552
a5d7f718-a4df-4d13-a008-0b4257dc9b9e,Kerala,wayanad,Wayanad,WayanadG921,tribal,Outside,30,0,120,10,10,60,30,30,30,30,100,0,24,100,1,,100,0,15,0,0.0,46,11.84190348,76.03407696
fcf9a452-4815-49d3-83ff-3f8585db7ae8,Kerala,wayanad,Wayanad,WayanadZ257,mix,Outside,20,3,140,2,20,20,20,50,20,50,100,0,24,100,1,,0,100,2,0,18.0,107,11.88436125,76.03112083
cee34fce-bf42-497f-bb7d-79427ed6ca48,Kerala,wayanad,Wayanad,WayanadK868,tribal,Outside,45,0,165,10,15,15,30,75,45,75,80,0,24,0,0,,100,0,5,0,0.0,51,11.90456031,76.00236118
42d7a453-b17b-43dc-8a49-56a66054f690,Kerala,wayanad,Wayanad,WayanadX558,mix,Outside,35,0,120,5,35,10,30,60,35,60,100,0,24,0,0,,100,0,5,0,0.0,57,11.94007138,76.06381595
13f6bf12-2dc5-463a-a95d-7b540f63a3ef,Kerala,wayanad,Wayanad,WayanadN344,mix,Outside,15,0,135,2,15,15,15,45,15,45,100,20,24,100,0,,100,0,2,0,7.0,47,11.8326386,76.07212141
4b3a0d27-00b7-4949-a416-71d24510f53b,Kerala,wayanad,Wayanad,WayanadT580,mix,Outside,45,0,160,15,45,45,25,75,45,75,100,0,24,100,0,,100,0,10,0,11.0,41,11.91620933,76.02797292
1f835673-d7a4-4112-abac-12bf349f9857,Kerala,wayanad,Wayanad,WayanadB177,tribal,Inside,10,0,130,5,10,10,10,40,10,40,100,0,24,0,0,,100,0,2,0,0.0,110,11.85099807,76.07792471
fd7b4157-7f77-4007-96fb-c642dd822853,Kerala,wayanad,Wayanad,WayanadM456,non tribal,Outside,35,0,155,15,35,45,25,65,35,65,100,0,24,0,0,,100,0,5,0,20.0,0,11.917534,76.05403259
a7092e39-a0a2-4a2b-b279-97d364e055bc,Kerala,wayanad,Wayanad,Wayanad\857,tribal,Inside,30,5,150,3,30,20,30,60,30,60,80,0,24,100,1,,0,0,5,0,0.0,96,11.90711659,76.05314579
7e6d6928-c510-486b-af23-a621d492cc1a,Kerala,wayanad,Wayanad,WayanadS847,tribal,Outside,10,20,120,2,20,10,10,40,10,10,100,0,24,100,1,,0,0,5,0,0.0,127,11.85416418,76.04217086
b9b9ef87-fdc2-4f6d-880c-09e3a04fe106,Kerala,wayanad,Wayanad,Wayanad@802,tribal,Outside,15,0,110,10,20,5,20,30,20,30,100,20,24,100,0,,100,0,5,0,0.0,53,11.83722973,76.04164448
19d4373d-d502-45b4-9228-defacef9178d,Kerala,wayanad,Wayanad,WayanadL672,tribal,Outside,30,3,150,2,30,30,30,60,30,60,100,0,24,100,0,,0,0,2,0,0.0,114,11.88654205,76.02066357
1e109b35-e228-42af-84af-ba41a82aecba,Kerala,wayanad,Wayanad,WayanadR853,tribal,Outside,105,0,225,30,105,45,45,135,105,135,30,40,24,0,0,,100,0,3,0,0.0,30,11.92864186,76.02969959
2cd0bf66-db09-4c89-b2bf-dda9b429e06e,Kerala,wayanad,Wayanad,Wayanad^276,tribal,Outside,30,0,120,10,15,10,30,30,30,30,100,0,24,0,0,,100,0,10,0,0.0,61,11.83960287,76.03543784
e4126301-1a2c-4671-99d9-54c02413716a,Kerala,wayanad,Wayanad,WayanadR137,mix,Outside,45,0,135,15,45,30,30,75,45,75,70,0,24,0,0,,100,0,5,0,1.0,21,11.92522009,76.02975357
73e73152-d1eb-4f23-ba88-c4e9f2b207d5,Kerala,wayanad,Wayanad,WayanadI633,mix,Outside,30,2,130,2,5,30,15,40,30,40,100,0,24,100,0,,0,0,2,0,1.0,49,11.8466513,76.0320995
13a71abc-5414-4e0f-a1df-3ff58d713054,Kerala,wayanad,Wayanad,WayanadQ976,tribal,Outside,65,0,185,10,65,30,20,95,65,95,90,0,24,0,0,,100,0,10,0,0.0,90,11.91788304,76.04861621
75b9f4e8-8b64-44e1-bad2-adb582369b69,Kerala,wayanad,Wayanad,WayanadD376,tribal,Outside,15,0,120,10,15,10,30,30,30,30,100,0,24,100,0,,100,0,5,0,0.0,19,11.84173645,76.03923351
18154108-6db3-4793-b8eb-40e0ccd5808f,Kerala,wayanad,Wayanad,WayanadU817,tribal,Outside,30,2,150,2,20,15,30,60,30,60,100,0,24,0,0,,100,0,2,0,0.0,18,11.8903708,76.01152495
ba523f30-3fe2-4493-88bd-1e66bbcd2017,Kerala,wayanad,Wayanad,WayanadY194,tribal,Outside,40,0,150,5,40,20,40,70,40,70,100,0,24,0,0,,100,0,2,0,0.0,34,11.88813261,76.02204926
51e2cb7f-c3a0-4b6d-9799-274a44007336,Kerala,wayanad,Wayanad,Wayanad@509,tribal,Outside,10,5,140,5,10,10,10,35,10,35,100,0,24,100,1,,100,0,10,0,0.0,74,11.86740472,76.05731294
41846292-fa5a-4087-99fd-a6600f4cd3d4,Kerala,wayanad,Wayanad,WayanadX210,tribal,Outside,10,5,120,2,5,5,15,30,15,30,90,20,24,100,0,,0,0,2,0,0.0,43,11.84669856,76.04428913
bacbb2ae-9c00-40de-9d5c-e96762441547,Kerala,wayanad,Wayanad,WayanadX856,tribal,Outside,35,0,155,15,35,20,30,65,35,65,99,0,24,0,0,,100,20,2,0,0.0,25,11.88829993,76.03372157
1aaffe74-3848-4052-8f74-bb88e76e42af,Kerala,wayanad,Wayanad,WayanadC512,mix,Outside,35,0,155,10,30,25,10,65,35,65,100,0,24,0,0,,100,0,30,0,,22,11.91448739,76.02697916
8ed7eb56-b347-4133-ba06-c2cdc29860bd,Kerala,wayanad,Wayanad,Wayanadb866,tribal,Outside,60,0,180,30,30,15,40,90,60,90,100,0,24,100,0,,100,0,10,0,0.0,54,11.90308795,76.00305419
b8ee144d-4a75-4a58-ade0-14844c0c2b53,Kerala,wayanad,Wayanad,WayanadX698,mix,Outside,30,0,135,10,15,15,30,45,30,45,100,20,24,100,1,,0,0,5,0,,51,11.85322672,76.01880915
3781365f-609b-44ea-8a0d-b1cc1a8368fa,Kerala,wayanad,Wayanad,WayanadY884,mix,Outside,15,2,115,2,15,15,25,25,25,25,100,0,24,100,0,,0,0,2,0,,3,11.83570319,76.03981856
0f7116c1-db9a-4140-811c-7e182f984674,Kerala,wayanad,Wayanad,WayanadZ794,tribal,Outside,10,2,115,2,15,15,15,20,15,20,100,0,24,0,0,,100,0,5,0,0.0,21,11.83439256,76.03813883
28b69d04-015a-4c37-b758-c602d5a8ee71,Kerala,wayanad,Wayanad,WayanadG732,mix,Outside,20,0,140,15,20,20,20,50,20,50,100,0,24,50,0,,100,0,5,0,,184,11.86068232,76.08440023
a7a19b82-e4bf-4839-8bc3-85e0718afcbd,Kerala,wayanad,Wayanad,WayanadC242,tribal,Outside,45,0,165,5,45,2,25,75,45,75,100,0,24,100,0,,0,0,2,0,0.0,251,11.89984237,76.00671541
61c4b36c-2e23-4b26-81d5-4ab20778bbdb,Kerala,wayanad,Wayanad,WayanadN458,tribal,Outside,35,0,155,20,35,20,35,65,35,65,100,0,24,100,0,,0,100,10,0,0.0,302,11.84964847,76.11763816
1ac3d187-d24f-4207-acfd-9913f1b9fc82,Kerala,wayanad,Wayanad,WayanadS438,tribal,Outside,15,2,125,2,15,2,15,45,15,45,100,0,24,0,0,,100,0,30,0,0.0,203,11.88659782,76.03681818
38334309-48e5-45fc-9815-bb441c92c6c0,Kerala,wayanad,Wayanad,WayanadB974,mix,Outside,60,15,120,5,40,30,30,60,30,60,100,0,24,0,0,,100,0,5,0,320.0,65,11.94679214,76.05514269
fd1239cf-218a-4c95-bfe2-a00272128b33,Kerala,wayanad,Wayanad,Wayanad]909,mix,Outside,30,2,150,2,10,30,30,60,30,60,100,0,24,100,0,,100,0,5,0,,87,11.85585665,76.04162
17f863a4-9091-41e7-8890-7f93f6267163,Kerala,wayanad,Wayanad,WayanadT537,tribal,Outside,20,0,140,2,20,20,20,50,20,50,100,0,24,100,1,,100,0,5,0,0.0,32,11.86028399,76.04191907
4c6b19ed-e7e1-42d7-8db9-47248638d2a5,Kerala,wayanad,Wayanad,Wayanad_949,mix,Outside,20,0,125,15,15,5,30,20,30,20,100,0,24,100,0,,100,0,5,0,,66,11.85182955,76.02349699
6eb0953a-359a-4bf6-ad71-713111425790,Kerala,wayanad,Wayanad,Wayanada185,tribal,Outside,30,2,150,2,20,15,30,60,30,60,100,0,24,0,0,,100,0,2,0,0.0,43,11.89173758,76.01190984
d8ddd749-1f95-41f3-87c8-9dd5d6c829cb,Kerala,wayanad,Wayanad,WayanadP731,tribal,Outside,45,0,165,15,30,30,30,75,45,75,100,20,24,100,0,,0,0,10,0,0.0,95,11.92282375,76.03559576
1a63ba27-97b3-461f-911d-a9ff496a6611,Kerala,wayanad,Wayanad,WayanadM459,mix,Outside,15,5,110,2,10,15,10,20,10,20,90,0,24,0,1,,100,0,10,0,,90,11.83538587,76.04817096
3c27c08e-cc77-416a-b2c5-bbf0bd7eb51e,Kerala,wayanad,Wayanad,WayanadA401,tribal,Outside,5,10,120,2,5,5,5,30,5,30,100,0,24,100,0,,0,0,2,0,0.0,201,11.84829329,76.07261963
a8f076c3-27eb-46c0-ac2c-e6480c192e64,Kerala,wayanad,Wayanad,WayanadR998,mix,Outside,10,10,130,2,10,10,10,40,10,40,100,0,24,100,0,,0,0,10,0,15.0,26,11.85692633,76.04459826
0817a086-1a58-45dc-b9a0-63bd286dfe50,Kerala,wayanad,Wayanad,WayanadA287,tribal,Inside,20,0,50,10,20,20,20,60,30,60,100,0,24,0,0,,100,0,5,0,0.0,61,11.93246214,76.05827317
40fffac2-5132-437b-b8df-b9a4196ab52d,Kerala,wayanad,Wayanad,WayanadQ993,tribal,Inside,30,6,45,5,30,15,20,45,30,45,50,0,24,30,1,,70,0,10,0,0.0,176,11.95351832,76.06718246
34185e57-21d7-4715-9ee4-848588411b1a,Kerala,wayanad,Wayanad,Wayanad`158,mix,Outside,10,0,130,10,10,10,10,40,10,40,90,0,24,0,0,,100,0,5,0,,79,11.85772038,76.08205967
a13d9bdb-f1d5-4597-b80f-494e4ec91a6b,Kerala,wayanad,Wayanad,WayanadC536,mix,Outside,30,0,150,15,10,20,30,60,30,60,100,0,24,100,0,,0,0,2,0,5.0,16,11.85771251,76.03096694
761da7e0-b2e5-411a-a4aa-43ed18927c43,Kerala,wayanad,Wayanad,Wayanad@911,mix,Outside,50,0,170,10,10,25,20,75,45,75,100,20,24,0,0,,100,0,2,0,0.0,138,11.90189969,75.99392194
66cfc261-cdf0-4f97-b94e-06e729a7444e,Kerala,wayanad,Wayanad,WayanadS599,tribal,Outside,15,0,135,10,15,15,15,45,15,45,100,0,24,100,1,,0,0,20,0,0.0,123,11.8616962,76.04526781
231c7c5f-9483-40ec-b14a-547c4e46dfd8,Kerala,wayanad,Wayanad,WayanadZ967,mix,Outside,10,0,130,5,10,10,10,40,10,40,100,0,24,50,1,,50,0,5,0,,29,11.85107092,76.05452981
0c5894ec-f801-4a72-8c06-e927c4807c8c,Kerala,wayanad,Wayanad,WayanadF920,mix,Outside,25,15,45,5,25,20,20,45,25,45,100,0,24,100,1,,0,0,2,0,8.0,42,11.95216922,76.05800629
9bc537ab-9ef2-4080-8eb2-4022c8f30ffe,Kerala,wayanad,Wayanad,WayanadU923,tribal,Outside,15,0,135,15,15,15,15,45,15,45,100,0,24,0,0,,100,0,5,0,0.0,38,11.83921304,76.06504172
185e44c2-1e1d-45f8-946b-78c9f957d80f,Kerala,wayanad,Wayanad,WayanadN512,tribal,Outside,35,5,145,2,25,25,10,65,35,65,100,0,24,0,0,,100,0,5,0,0.0,48,11.91787123,76.03097398
3046c0e3-57c9-41e4-8337-6b61cefe00f7,Kerala,wayanad,Wayanad,WayanadZ966,mix,Outside,35,5,145,2,30,20,10,65,35,65,99,0,24,100,0,,100,0,5,0,26.0,75,11.91612633,76.03225239
a8cc2f29-826a-4239-b742-98508d2e0c58,Kerala,wayanad,Wayanad,WayanadF892,tribal,Outside,20,0,120,15,15,15,20,30,20,30,100,0,24,0,0,,100,0,2,0,0.0,18,11.84915332,76.01906329
07798f3e-965f-4433-afa6-65a64e86a877,Kerala,wayanad,Wayanad,WayanadZ295,tribal,Outside,30,5,150,2,5,15,20,60,30,60,100,0,24,100,0,,0,0,5,0,0.0,18,11.90862403,75.9976539
40e24040-72f7-49e1-9548-ebc8cbdbf8ef,Kerala,wayanad,Wayanad,WayanadV555,mix,Outside,60,0,180,5,15,15,40,90,60,90,80,0,24,0,0,,100,0,2,0,7.0,21,11.89406695,76.00855574
15b3d1d6-2d5a-441b-87fc-ac8fecdc1124,Kerala,wayanad,Wayanad,WayanadZ575,tribal,Outside,25,0,145,20,25,25,25,55,25,55,20,0,24,0,0,,100,0,15,0,0.0,17,11.85860762,76.05299223
2ad2cb28-2478-4376-bd4b-c92de508a2bc,Kerala,wayanad,Wayanad,WayanadQ315,tribal,Inside,25,0,145,15,25,10,25,55,25,55,100,0,24,100,1,,100,0,15,0,0.0,65,11.84765835,76.10808849
4c7ca1d2-5c68-4725-8f07-514d77339f0d,Kerala,wayanad,Wayanad,WayanadC469,mix,Outside,10,0,130,2,10,10,10,40,10,40,100,0,24,0,0,,100,0,5,0,0.0,60,11.86291647,76.08180586
f9a5ebe3-bb5c-4911-ad34-90f972aedb59,Kerala,wayanad,Wayanad,Wayanad_725,tribal,Outside,30,3,150,2,20,15,30,60,30,60,100,0,24,100,1,,0,0,2,0,0.0,47,11.88957979,76.01466447
a2ce8d69-80d9-419f-832a-e0e539c2aa8d,Kerala,wayanad,Wayanad,WayanadF666,mix,Outside,10,5,140,10,10,10,10,35,10,35,100,0,24,0,0,,100,0,20,0,0.0,158,11.86325541,76.04755707
142c0e18-2870-47b8-b249-2e4044ec2c9b,Kerala,wayanad,Wayanad,WayanadI521,tribal,Inside,30,0,150,30,30,60,30,60,30,60,100,0,24,100,0,,0,0,10,0,0.0,131,11.83570319,76.09184504
c1574f45-c7f9-4bc0-ba35-5ed95158de04,Kerala,wayanad,Wayanad,WayanadV246,tribal,Outside,30,5,150,2,30,5,30,60,30,60,100,20,24,100,0,,0,100,5,0,0.0,55,11.88973268,76.0384446
1e591d17-a8d9-4860-87d3-91a13efc4a73,Kerala,wayanad,Wayanad,WayanadV832,tribal,Outside,50,0,170,10,15,20,15,80,50,80,20,0,24,0,0,,100,0,20,0,0.0,16,11.90448814,75.99689249
180c0f1b-ad79-4be3-aba9-ddae6fd36c06,Kerala,wayanad,Wayanad,WayanadU608,mix,Outside,5,0,125,2,5,5,5,35,5,35,100,0,24,100,0,,20,0,10,0,0.0,82,11.85163038,76.05584644
a266f180-c1a4-4fe8-ab99-eae90970ddcd,Kerala,wayanad,Wayanad,Wayanad_520,tribal,Outside,10,2,130,2,10,10,10,40,10,40,90,20,24,100,0,,0,0,5,0,0.0,51,11.85355189,76.07602168
4c881893-3ea1-4797-882e-bc6441b26272,Kerala,wayanad,Wayanad,Wayanad]377,tribal,Outside,30,0,150,15,30,25,30,60,30,60,100,0,24,100,0,,100,0,10,0,0.0,106,11.87289624,76.03430126
bf0db69a-6f7e-4854-8f6a-90031b993ece,Kerala,wayanad,Wayanad,Wayanadb518,tribal,Outside,25,3,145,2,25,60,25,55,25,55,100,0,24,50,0,,0,50,15,0,0.0,95,11.88515227,76.02728628
b02f8422-2d71-435c-bf52-841804f158a9,Kerala,wayanad,Wayanad,WayanadC138,tribal,Outside,15,10,135,2,15,15,15,45,15,45,100,0,24,100,0,,0,0,10,0,0.0,23,11.85618083,76.04508273
4adf5130-a965-4726-b34e-2bbea6a5c9a9,Kerala,wayanad,Wayanad,WayanadX334,mix,Outside,20,0,140,5,20,2,20,50,20,50,100,0,24,50,1,,50,0,5,0,,161,11.84924093,76.11089107
798c9a14-701b-4800-b718-6bf487cf9aba,Kerala,wayanad,Wayanad,WayanadI919,tribal,Outside,45,0,165,15,45,45,15,75,45,75,100,0,24,0,0,,100,0,15,0,0.0,78,11.911505,76.0266113
071500fa-dd56-419f-839b-d669f753cf78,Kerala,wayanad,Wayanad,WayanadJ460,tribal,Outside,30,6,30,5,30,20,15,60,30,60,100,0,24,0,0,,100,0,10,0,0.0,10,11.91669846,76.04838721
604ce670-25df-449e-b83b-1d5b61f3a73d,Kerala,wayanad,Wayanad,Wayanad[328,tribal,Outside,10,0,120,10,10,10,10,30,10,30,100,0,22,0,1,,100,0,100,0,0.0,53,11.84254696,76.06884241
83a78227-8ef7-4e5e-9d4f-7022b4c45527,Kerala,wayanad,Wayanad,Wayanadc571,mix,Outside,30,0,138,20,25,20,30,45,30,45,100,0,24,0,0,,100,0,10,0,,90,11.84880452,76.01705801
5869f187-026d-4736-91ab-bdb0b6b1ebb7,Kerala,wayanad,Wayanad,WayanadE507,tribal,Outside,15,2,125,2,15,2,15,45,15,45,100,0,24,0,0,,100,0,5,0,0.0,96,11.88727171,76.03683595
a454ef77-425b-4d56-a0e9-dc49bf8935f7,Kerala,wayanad,Wayanad,WayanadI812,tribal,Outside,65,0,185,10,65,10,20,95,65,95,100,0,24,0,0,,100,0,10,0,0.0,52,11.92265284,76.05047934
15685a38-10ba-49d8-9154-9d2cfe7bc74d,Kerala,wayanad,Wayanad,Wayanad`356,tribal,Outside,30,10,120,2,30,15,20,60,30,60,100,0,24,0,1,,100,0,5,0,0.0,48,11.94149433,76.05952475
51886a64-3f1a-412f-8927-858fbd24b941,Kerala,wayanad,Wayanad,WayanadK726,mix,Outside,30,0,120,5,10,15,30,30,30,30,100,0,24,100,0,,0,0,5,0,14.0,26,11.8491379,76.03234358
b3809032-c189-446d-ad96-56ef5a7d3d58,Kerala,wayanad,Wayanad,WayanadT133,mix,Outside,20,0,110,10,15,15,20,20,20,20,100,0,24,100,0,,100,0,8,0,8.0,52,11.85010786,76.03289612
f5e771cf-22fa-44af-b56e-0307febd06f9,Kerala,wayanad,Wayanad,WayanadS959,mix,Outside,10,0,115,2,10,10,10,20,10,20,100,0,24,100,0,,100,0,5,0,,8,11.84022503,76.05441816
3505f302-0d33-482e-818f-96b913610981,Kerala,wayanad,Wayanad,Wayanad\815,tribal,Outside,45,0,165,25,30,45,45,75,45,75,50,0,24,100,0,,100,0,15,0,0.0,8,11.8601489,76.0254174
2bd0981f-944e-4389-b950-0969bb5b4a48,Kerala,wayanad,Wayanad,Wayanadc239,tribal,Inside,40,0,160,10,40,30,30,70,40,70,100,0,24,0,0,,100,0,10,0,0.0,101,11.91019937,76.0528199
50d7ad0e-a829-43c2-bfc4-903f61980b1e,Kerala,wayanad,Wayanad,WayanadW320,tribal,Outside,25,0,145,15,25,10,25,55,25,55,100,0,24,0,1,,100,0,5,0,0.0,236,11.84132661,76.10576537
6564dcd6-a06c-4b92-bad0-7acd49a0ff97,Kerala,wayanad,Wayanad,WayanadH566,mix,Outside,60,6,120,2,60,45,45,60,60,90,100,42,24,100,0,,0,0,2,0,16.0,68,11.92452628,76.04745716
747ac918-b59c-46ac-b2e3-0b56024de655,Kerala,wayanad,Wayanad,WayanadB523,mix,Outside,30,0,120,10,15,20,30,30,30,30,100,0,24,0,0,,100,0,5,0,,238,11.84216238,76.02044664
00568bd0-ca6b-487e-9b49-0f9cd6a85b01,Kerala,wayanad,Wayanad,WayanadX743,mix,Outside,30,0,120,5,10,5,30,30,30,30,100,0,24,100,0,,100,0,5,0,,18,11.84011904,76.03746828
687d1328-eec6-4c87-8624-4c51aefafdba,Kerala,wayanad,Wayanad,WayanadN129,tribal,Outside,45,0,165,10,15,15,30,75,45,75,100,0,24,0,0,,100,0,15,0,0.0,18,11.90430049,75.99953715
592817be-392b-4fbd-9e22-257d173146e3,Kerala,wayanad,Wayanad,WayanadO357,mix,Outside,35,5,140,2,10,10,20,50,35,50,90,0,24,100,1,,100,0,10,0,,201,11.94248758,76.05800059
dcc19bf3-f7f5-4e61-8125-6fd1293ec2e2,Kerala,wayanad,Wayanad,Wayanada804,tribal,Outside,30,1,150,5,5,30,30,60,30,60,100,0,24,100,1,,0,0,5,0,0.0,53,11.90881266,75.99087864
33a4312f-78ff-4481-81fa-e517a243b693,South karnataka,Chamarajanagar,BR Hills,BR Hills\535,non tribal,Outside,40,3,75,0,30,40,30,35,40,40,100,0,22,50,6,,0,0,5,0,280.0,0,12.08117,77.0831
f3b0d550-8b3c-410c-9cae-080c85448ea2,South karnataka,Chamarajanagar,BR Hills,BR HillsN216,non tribal,Outside,60,2,120,0,60,150,90,60,60,60,80,0,12,25,10,,0,0,5,0,879.0,0,11.94881,77.25223
9c3db396-c122-4e24-a177-9f0cdd5ed39c,South karnataka,Chamarajanagar,MM Hills,MM Hillsb852,mix,Outside,30,12,150,15,0,0,30,30,0,30,90,20,24,80,10,,0,0,10,50,3260.0,0,12.0465048,77.3535422
04e5ebd3-d083-481d-a444-db5bd0edd682,South karnataka,Chamarajanagar,BR Hills,BR HillsS319,mix,Outside,30,2,60,0,15,20,30,45,45,45,100,0,18,70,7,,0,0,5,0,713.0,256,12.07496,77.07681
44fc899a-b26d-414a-b93d-72f4a2c5f3c8,South karnataka,Chamarajanagar,MM Hills,MM Hills]469,non tribal,Outside,45,4,210,20,30,20,45,45,45,45,95,0,24,0,13,,0,0,5,0,427.0,0,12.1422767,77.3771393
ee2b132d-356f-4739-ad42-dbd12055105f,South karnataka,Chamarajanagar,MM Hills,MM Hillsb181,mix,Outside,130,5,300,15,30,30,30,130,130,130,100,40,24,0,8,,0,40,15,10,356.0,181,12.03521,77.58098
0b4112ef-a60d-4398-9f7e-232924d01a4f,South karnataka,Chamarajanagar,MM Hills,MM HillsR317,non tribal,Outside,90,1,320,15,90,70,70,90,60,60,100,0,18,0,5,4.0,0,0,10,0,520.0,0,12.1551482,77.4748846
cb10a9aa-5dbd-4543-bc47-0aabe2ee07c8,South karnataka,Chamarajanagar,BR Hills,BR HillsQ935,non tribal,Outside,30,5,30,0,15,15,15,30,15,30,100,0,23,75,15,,0,0,5,0,1393.0,0,11.90817,77.00883
288f6d41-a54a-44fd-98f6-3841a581e9b7,South karnataka,Chamarajanagar,BR Hills,BR HillsJ554,tribal,Outside,120,3,180,0,20,180,60,120,60,120,100,0,15,0,5,,0,0,5,0,0.0,369,11.79998,77.23
c2aaf66e-6dc2-442a-b3b5-2be3d9ebe523,South karnataka,Chamarajanagar,BR Hills,BR HillsX225,tribal,Outside,150,0,210,0,30,180,75,150,60,150,100,0,15,0,6,,0,0,5,0,0.0,365,11.80631,77.24438
e7bfef00-ec33-4b7d-8963-476254b1f205,South karnataka,Chamarajanagar,MM Hills,MM HillsA123,mix,Inside,150,0,300,15,30,60,150,150,150,150,100,0,18,0,4,6.0,0,0,15,0,500.0,218,12.1275259,77.6021113
3f02c9a2-b7cb-4128-8631-54f0b92a40bd,South karnataka,Chamarajanagar,BR Hills,BR HillsM530,non tribal,Outside,45,4,45,0,20,120,20,45,20,45,100,0,24,90,8,,0,0,5,0,1250.0,0,11.82883,77.00539
f4badb3e-8a1d-4c2c-be2d-72432c500c79,South karnataka,Chamarajanagar,BR Hills,BR Hills\241,tribal,Outside,45,5,45,0,20,10,20,45,20,45,100,0,24,0,3,,0,0,5,0,0.0,101,11.83063,77.00698
f272fd21-dccb-4ecb-9bbe-512997b234aa,South karnataka,Chamarajanagar,BR Hills,BR HillsH821,non tribal,Outside,60,1,60,0,30,30,40,60,40,40,100,0,18,80,12,,0,0,5,0,525.0,0,11.90473,77.03409
6016873a-a4d8-4a3d-b36f-f130faf90683,South karnataka,Chamarajanagar,BR Hills,BR HillsB727,non tribal,Outside,105,3,165,0,15,120,30,105,15,105,100,0,15,90,6,,0,0,5,0,430.0,0,11.82035,77.24415
3f4acb86-8e95-4fb1-a587-80f06d44f695,South karnataka,Chamarajanagar,MM Hills,MM HillsI126,non tribal,Outside,45,5,180,8,0,0,45,45,45,45,100,0,24,60,17,,0,0,10,20,1578.0,0,12.1217889,77.3534379
2550b72d-f458-4a56-bdec-bc10749b02aa,South karnataka,Chamarajanagar,BR Hills,BR HillsC911,tribal,Outside,60,2,60,0,30,30,30,60,30,60,95,0,9,0,3,,0,0,5,0,0.0,226,11.78411,77.0738
c828463b-161f-4618-88fe-480b284c2b03,South karnataka,Chamarajanagar,BR Hills,BR Hills[691,non tribal,Outside,60,1,60,0,15,45,30,60,30,60,100,0,24,90,10,,0,0,5,0,828.0,0,11.79067,76.96553
e7aea49a-de4d-492a-94a3-6af8c6f62d33,South karnataka,Chamarajanagar,BR Hills,BR HillsC710,tribal,Inside,60,2,100,0,15,5,50,75,10,60,75,0,18,0,9,,0,0,5,0,0.0,329,11.99082,77.13805
e4b6db04-4d47-4c86-b4bc-de293953aec0,South karnataka,Chamarajanagar,MM Hills,MM Hillsc452,non tribal,Outside,45,6,165,10,20,0,30,45,45,45,100,10,24,60,15,5.0,0,0,10,50,1950.0,0,12.0281879,77.3535781
e9f50c3b-2ccd-47b3-8cce-2fe97632843b,South karnataka,Chamarajanagar,MM Hills,MM HillsR828,mix,Outside,120,5,180,0,30,30,60,120,20,90,90,0,15,0,7,,0,0,5,0,318.0,74,11.89558,77.26251
2feacf61-cab2-40b2-a544-b410cdec1c48,South karnataka,Chamarajanagar,BR Hills,BR HillsZ691,non tribal,Outside,15,8,75,0,5,30,30,20,20,20,100,0,22,100,12,,0,0,5,0,3000.0,0,12.14499,77.10949
18785ef1-1bbd-42e5-bc0a-fdeaddd2cd21,South karnataka,Chamarajanagar,BR Hills,BR HillsX173,non tribal,Outside,90,0,90,0,45,60,45,90,60,60,100,0,24,50,7,,0,0,5,0,397.0,0,11.79074,76.965369
5d8b1075-93d9-495b-98c5-cb9f2cd04073,South karnataka,Chamarajanagar,BR Hills,BR Hills@218,tribal,Inside,180,1,180,10,180,300,150,180,80,100,0,100,6,0,4,,0,100,5,0,0.0,288,11.82739,77.17393
ba8e6b75-8e80-43e0-ba90-ed8087a15711,South karnataka,Chamarajanagar,BR Hills,BR HillsO292,non tribal,Outside,90,2,150,0,30,90,30,90,30,30,100,0,21,100,11,,0,0,5,0,920.0,0,11.94568,77.09259
85cdf0f4-490b-4327-84e7-e647547b2eb5,South karnataka,Chamarajanagar,BR Hills,BR Hills]868,mix,Outside,120,1,120,0,60,150,90,120,60,60,100,0,15,100,3,,0,0,5,0,100.0,565,11.94568,77.09259
71d405a6-63f2-4deb-9b30-2a64e9ebdb20,South karnataka,Chamarajanagar,MM Hills,MM HillsF271,mix,Outside,150,0,210,0,45,45,60,150,30,150,100,0,15,0,9,,0,0,5,0,552.0,50,11.8559,77.26846
8b9e6b93-fe44-4c0e-bb96-52f73694b745,South karnataka,Chamarajanagar,MM Hills,MM HillsM826,non tribal,Outside,60,4,180,10,30,20,30,60,45,60,100,0,24,0,5,2.0,0,0,8,0,1368.0,0,12.0960741,77.4736998
51e6ee3f-bd18-4622-846d-41834bf3e871,South karnataka,Chamarajanagar,MM Hills,MM HillsR955,non tribal,Inside,90,4,240,30,50,60,60,90,45,45,100,0,24,60,6,,0,0,60,10,1385.0,0,12.0440983,77.5014732
5741c56e-996c-4787-b59e-5b2ae206c0a8,South karnataka,Chamarajanagar,BR Hills,BR HillsZ818,non tribal,Inside,60,2,100,10,30,15,50,75,15,60,100,0,18,100,5,,0,0,5,0,450.0,0,11.98362,77.14121
ec185a94-afc2-4a2f-a440-65ee9892d914,South karnataka,Chamarajanagar,BR Hills,BR HillsX435,tribal,Inside,180,0,180,15,180,240,165,180,150,120,0,0,0,0,1,,0,100,20,0,0.0,32,11.85206,77.13386
278309c9-96a7-4c93-86c1-efe31b28b3c2,South karnataka,Chamarajanagar,BR Hills,BR HillsK349,tribal,Inside,105,1,105,15,75,30,75,105,75,105,0,0,0,0,2,,0,50,10,0,0.0,211,11.900156,77.133951
9aa639fa-42ab-4ed2-be48-31b89b48f16a,South karnataka,Chamarajanagar,MM Hills,MM HillsZ749,tribal,Inside,120,0,240,20,20,20,120,120,120,120,95,5,24,0,0,2.0,70,30,15,0,60.0,200,12.1144247369827,77.610030596116
80f980fd-08d7-48e4-a970-13b419a9b132,South karnataka,Chamarajanagar,BR Hills,BR Hills`278,mix,Outside,60,5,120,0,15,120,15,60,60,45,85,0,16,0,11,,0,0,5,0,495.0,167,11.94917,77.25266
fea8b331-ec16-48aa-a024-7f7c4d8df346,South karnataka,Chamarajanagar,MM Hills,MM Hills\306,tribal,Inside,150,0,270,20,40,30,120,150,120,150,90,10,24,50,8,6.0,0,0,15,0,0.0,120,12.1071398733422,77.62332582111782
f24cf1cc-4351-4e3f-b27a-9978c40d7926,South karnataka,Chamarajanagar,BR Hills,BR HillsW438,mix,Outside,75,2,75,0,75,75,30,75,30,75,90,0,9,25,10,,0,0,10,0,80.0,1000,11.8307,77.0635
104a8db7-884f-495d-a56d-72087d1264d3,South karnataka,Chamarajanagar,BR Hills,BR Hills`426,non tribal,Outside,30,10,60,0,15,30,15,20,30,30,100,0,22,100,5,,0,0,5,0,1166.0,0,12.07159,77.07145
1a90e39f-1806-41f9-8b3a-1deea606db88,South karnataka,Chamarajanagar,BR Hills,BR HillsN536,non tribal,Outside,30,4,60,0,30,90,30,40,30,30,100,0,22,100,8,,0,0,5,0,505.0,0,12.05738,77.0599
fb4eb264-953b-4003-9276-7783150d55a1,South karnataka,Chamarajanagar,BR Hills,BR Hills\805,non tribal,Outside,30,20,30,0,10,10,10,30,10,30,90,0,21,80,50,,0,0,5,0,3800.0,0,11.92894,77.00669
4120f0a4-152e-4761-a8ae-83b5ba19aae1,South karnataka,Chamarajanagar,BR Hills,BR HillsQ917,non tribal,Outside,25,7,60,0,10,10,10,30,5,30,99,0,12,100,3,,0,0,5,0,2293.0,200,11.99867,77.04374
fb776140-26bc-419a-be3d-20b79033ae6e,South karnataka,Chamarajanagar,BR Hills,BR HillsW476,non tribal,Outside,45,4,105,0,5,30,20,45,45,30,100,0,22,100,7,,0,0,5,2,1700.0,0,12.0875,77.23836
96b49a1e-0e7a-4aa8-8aa4-86bb5a3c41a1,South karnataka,Chamarajanagar,MM Hills,MM HillsO956,non tribal,Outside,50,5,170,5,20,20,50,50,50,50,95,5,24,60,5,5.0,0,0,10,0,915.0,0,12.0783494,77.3637718
58ba6fb1-dcb4-4b26-9778-24a8b209807b,South karnataka,Chamarajanagar,BR Hills,BR HillsD233,non tribal,Outside,30,4,30,0,15,60,15,30,15,30,100,0,24,100,5,,0,0,5,0,555.0,0,11.83966,76.98471
6f6ffeaa-4e4d-45d7-802d-506fc88a76cd,South karnataka,Chamarajanagar,MM Hills,MM HillsZ901,mix,Outside,70,12,190,10,30,30,70,70,70,70,80,20,24,30,15,9.0,0,0,10,0,400.0,350,12.2586092,77.2823593
dc289595-7c03-4d8c-a6e3-2799811cc347,South karnataka,Chamarajanagar,MM Hills,MM HillsR385,non tribal,Outside,90,3,150,0,30,5,30,90,90,90,100,0,19,80,8,,0,0,5,0,1350.0,0,12.05399,77.25265
a0166dc4-8700-4fa7-9538-7053f0b5cd5c,South karnataka,Chamarajanagar,MM Hills,MM Hillsb946,non tribal,Outside,200,0,360,60,80,80,80,200,170,170,0,100,0,0,2,2.0,0,0,15,0,70.0,0,12.1183314922114,77.627218468627
20ed6552-307c-454b-8b97-9f2403d532a3,South karnataka,Chamarajanagar,BR Hills,BR HillsO640,non tribal,Outside,60,1,120,0,60,15,20,60,20,60,100,0,24,90,5,,0,0,5,0,300.0,0,12.16481,77.18775
5517fc1b-213e-43ee-a479-5a9dd471675b,South karnataka,Chamarajanagar,MM Hills,MM HillsT713,mix,Outside,30,7,210,10,30,30,40,40,40,40,100,30,24,90,11,,0,0,5,10,1358.0,7,12.1319747,77.3158018
1bf7f012-2c5d-4f08-aecc-3d9ddc08f499,South karnataka,Chamarajanagar,MM Hills,MM HillsR337,mix,Inside,120,2,300,15,45,45,70,120,70,70,100,25,18,10,7,5.0,0,0,30,0,837.0,733,12.02736,77.35509
fa1196ef-6dcf-44e7-88a7-40db3ec26652,South karnataka,Chamarajanagar,BR Hills,BR HillsM844,mix,Outside,50,2,100,0,20,60,45,60,20,50,100,0,15,75,7,,0,0,5,0,550.0,140,12.00466,77.07112
3760f4cd-fefb-4c46-977f-0909a43b6617,South karnataka,Chamarajanagar,BR Hills,BR Hills_109,non tribal,Outside,60,1,60,0,30,45,30,60,30,60,100,0,21,50,3,,0,0,5,0,110.0,0,11.89522,77.01543
32b77d67-04f6-42fd-b25d-d60819ac5bfe,South karnataka,Chamarajanagar,BR Hills,BR Hillsa894,non tribal,Outside,45,9,45,0,20,10,15,45,15,45,100,0,22,50,20,,0,0,5,0,1800.0,0,11.92102,77.01191
fcb59a51-408b-407c-ac1a-0668f5730ce3,South karnataka,Chamarajanagar,MM Hills,MM HillsL841,non tribal,Outside,60,4,120,30,30,0,0,60,60,60,90,0,24,80,2,,0,0,5,10,1291.0,0,11.9317627,77.3444104
e8d9b406-4bf3-44e6-979f-868787e405e6,South karnataka,Chamarajanagar,BR Hills,BR HillsQ386,non tribal,Outside,45,4,105,0,20,40,30,45,45,45,100,0,18,80,7,,0,0,5,0,355.0,0,12.05759,77.23618
baa071fb-3d5a-490a-91f0-7a68303f32ae,South karnataka,Chamarajanagar,BR Hills,BR HillsZ836,non tribal,Outside,30,20,90,0,5,5,5,30,5,30,75,0,22,80,30,,0,0,5,5,7000.0,0,12.15344,77.2081
743a6ab2-0090-4566-9f19-435d45e384e0,South karnataka,Chamarajanagar,BR Hills,BR HillsB956,non tribal,Outside,60,0,60,0,30,30,30,60,30,60,100,0,24,80,8,,0,0,5,0,500.0,0,11.87364,76.99343
f813ced5-daca-4b70-bbb4-85261736c5ce,South karnataka,Chamarajanagar,MM Hills,MM Hills@820,tribal,Inside,170,0,290,15,35,35,145,160,160,170,80,10,24,40,8,2.0,0,0,15,0,0.0,60,12.1075127471295,77.6188749646598
eae1025c-f9a8-43d0-bafe-f465a95962e2,South karnataka,Chamarajanagar,MM Hills,MM HillsX820,non tribal,Outside,30,15,150,10,0,0,30,30,30,30,100,10,24,80,7,8.0,0,0,10,20,1300.0,0,12.0846984,77.3671949
58858095-eed5-4487-aa9b-0e17c307e69b,South karnataka,Chamarajanagar,MM Hills,MM HillsH713,mix,Outside,60,3,320,30,90,70,120,120,60,90,90,0,24,0,12,,0,0,10,0,815.0,19,11.8136716,77.3330378
abd214e4-dda8-43d3-872f-e2bb4f85dd74,South karnataka,Chamarajanagar,BR Hills,BR HillsE722,mix,Outside,105,3,165,0,15,120,30,105,20,105,100,0,15,0,2,,0,0,5,0,4.0,55,11.85977,77.23947
308781d0-3ed9-4334-845f-bafad1009396,South karnataka,Chamarajanagar,BR Hills,BR Hills\957,non tribal,Outside,30,0,90,0,30,60,60,30,30,30,100,0,12,100,12,,0,0,5,0,1477.0,1024,12.00145,77.06593
fcbff3a0-0df6-4858-abfe-36f4f601d76c,South karnataka,Chamarajanagar,MM Hills,MM HillsL503,mix,Inside,120,1,300,5,45,90,90,120,90,120,100,15,24,0,8,5.0,0,0,0,0,136.0,430,12.2519815,77.3472073
4b0fd7b6-b48d-4e6a-884e-d6b2c05193b5,South karnataka,Chamarajanagar,BR Hills,BR HillsS699,mix,Outside,20,6,60,0,30,30,30,30,30,30,100,0,19,80,20,,0,0,5,0,1839.0,300,12.05254,77.05457
fb5f0268-d910-4162-9e86-3ce1f0d996b1,South karnataka,Chamarajanagar,BR Hills,BR Hillsb421,non tribal,Outside,30,4,90,0,0,0,0,35,30,30,100,0,18,90,17,,0,0,5,0,2115.0,160,12.05681,77.07952
6cfd0dc8-79b0-4a76-8fe5-3c9d130baf98,South karnataka,Chamarajanagar,BR Hills,BR Hillsa770,tribal,Outside,45,2,45,0,15,30,15,45,15,30,20,0,9,0,2,,0,0,5,0,0.0,245,11.78664,77.06889
bd36dba2-36b4-4d71-9f47-9861d0348485,South karnataka,Chamarajanagar,BR Hills,BR HillsB296,tribal,Inside,165,0,165,90,105,105,150,165,105,165,0,100,3,0,0,,0,100,45,0,0.0,1500,11.92335,77.1847
b116db41-2cb2-450c-84e6-630513d95900,South karnataka,Chamarajanagar,MM Hills,MM Hills]811,non tribal,Inside,180,0,300,20,0,30,90,180,0,60,100,0,24,100,0,,0,0,0,50,2006.0,0,12.0530558,77.6981708
82f731da-9153-40f8-b1e4-adc623aabe11,South karnataka,Chamarajanagar,MM Hills,MM Hillsc601,mix,Inside,150,0,300,10,45,45,45,150,90,90,90,10,10,0,0,2.0,0,60,45,0,20.0,229,12.044,77.61028
beefc631-64b0-449e-b8bf-75b18d1a4c42,South karnataka,Chamarajanagar,BR Hills,BR HillsN472,mix,Outside,90,4,150,0,5,5,20,90,5,90,100,0,15,30,6,,0,0,5,0,467.0,400,11.85728,77.02557
ac5fa05b-8617-46f4-b3da-2a0e899db643,South karnataka,Chamarajanagar,BR Hills,BR HillsK283,mix,Outside,15,20,60,0,0,0,10,30,20,20,100,0,19,90,20,,0,0,5,0,3448.0,604,12.03328,77.05428
d7c6145c-11b7-4774-835e-6e9249a0dcf1,South karnataka,Chamarajanagar,MM Hills,MM HillsC162,mix,Outside,60,6,180,10,20,30,30,60,60,60,100,10,24,90,8,,0,0,10,10,1364.0,0,12.0078107,77.3473464
20ecdca8-0803-46d0-b503-8fa4fc89b493,South karnataka,Chamarajanagar,BR Hills,BR Hills]904,non tribal,Outside,30,12,90,0,10,45,10,30,30,30,100,0,24,100,13,,0,0,5,0,1800.0,0,12.17604,77.15236
a889a83d-d462-4c5f-982c-8396554fcbca,South karnataka,Chamarajanagar,BR Hills,BR HillsH976,mix,Outside,180,2,240,0,90,5,120,180,90,180,100,0,15,50,2,,0,0,15,0,551.0,22,11.84703,77.22512
25acce27-2416-4620-9ce5-74fdf7d5f03a,South karnataka,Chamarajanagar,BR Hills,BR Hillsa902,mix,Outside,105,2,165,0,30,120,60,105,30,105,100,0,15,50,3,,0,0,5,0,49.0,45,11.80646,77.23604
61da9c3e-677d-4761-8f7c-791746a607f2,South karnataka,Chamarajanagar,MM Hills,MM Hillsa958,mix,Outside,75,5,135,0,30,240,30,75,30,60,100,0,15,0,5,,0,0,5,0,192.0,40,11.91735,77.25907
992c1d13-b470-48de-9ce2-976de80e9330,South karnataka,Chamarajanagar,BR Hills,BR Hills_130,tribal,Inside,180,0,240,0,150,300,150,180,120,180,50,0,15,0,8,,0,0,5,0,0.0,333,11.92308,77.23357
43058861-ff86-4314-bc0b-2209a4f42b05,South karnataka,Chamarajanagar,MM Hills,MM HillsV438,non tribal,Inside,300,0,420,90,120,150,210,300,60,60,0,100,6,0,30,2.0,0,10,15,0,310.0,230,12.1461172,77.7385639
76c6118c-f9a0-48d6-ba80-e69e2cee5e67,South karnataka,Chamarajanagar,MM Hills,MM HillsS691,non tribal,Outside,90,3,210,20,20,20,20,90,15,20,100,15,24,50,12,,0,0,15,30,1022.0,0,11.9914546,77.4976472
adbec5bf-ab51-4905-a8a5-eb7027d8821a,South karnataka,Chamarajanagar,MM Hills,MM HillsA543,mix,Outside,135,0,195,0,45,90,60,135,60,135,100,0,15,0,4,4.0,0,0,5,0,0.0,320,11.83325,77.23626
7ca36e67-a3a1-4592-98c0-df4353f22941,South karnataka,Chamarajanagar,BR Hills,BR Hillsc764,mix,Outside,30,4,30,0,20,20,20,30,2,30,100,0,22,50,14,,0,0,5,10,5160.0,191,11.90948,77.00135
60e296ab-4947-422a-a898-f4560f9dffb3,South karnataka,Chamarajanagar,BR Hills,BR Hills\641,mix,Outside,150,1,210,0,60,30,75,150,60,30,100,0,15,0,15,,0,0,5,0,13.0,569,11.85985,77.22974
43cd82aa-812f-47ec-ab89-597a1eaf03ec,South karnataka,Chamarajanagar,BR Hills,BR HillsJ898,non tribal,Outside,60,1,120,5,60,150,90,60,60,60,50,0,12,10,12,,0,0,5,0,572.0,0,11.89828,77.04629
bb246ad6-7a38-45b5-8b23-09887c9b7c11,South karnataka,Chamarajanagar,BR Hills,BR HillsD133,tribal,Outside,90,1,90,0,60,180,60,90,45,90,100,0,22,8,6,,0,0,5,0,0.0,218,11.89828,77.04629
f8a831ee-c532-48c1-b456-b0445301bf4a,South karnataka,Chamarajanagar,MM Hills,MM HillsQ177,non tribal,Outside,150,4,360,30,20,30,30,150,15,150,80,5,24,30,33,,0,0,20,20,3054.0,0,11.8300828,77.4503879
423b53ff-94ad-48b5-b680-7dc7fb3aa4eb,South karnataka,Chamarajanagar,BR Hills,BR Hillsb255,non tribal,Outside,45,9,105,0,15,5,60,45,45,45,100,0,24,50,48,,0,0,5,0,2368.0,0,12.14262,77.14426
9f30554c-f61c-408f-b33a-8250b0e0b888,South karnataka,Chamarajanagar,BR Hills,BR Hills[238,non tribal,Outside,45,2,45,0,30,120,90,45,30,45,100,0,23,95,8,,0,0,5,0,465.0,0,11.92103,77.06908
135ce7c5-a93d-4431-b66d-7698beacdeac,South karnataka,Chamarajanagar,BR Hills,BR HillsV412,non tribal,Outside,45,1,45,5,30,90,30,45,30,45,100,0,22,75,4,,0,0,5,0,298.0,0,11.85362,77.01394
ec7b1fba-12ea-454e-b02c-86da6a4e6596,South karnataka,Chamarajanagar,MM Hills,MM HillsW603,non tribal,Outside,120,4,200,30,15,30,30,120,15,15,100,10,24,50,20,,0,0,30,70,1540.0,0,11.9853635,77.492624
8e1a7451-1a37-4c1f-b484-52f1af06b188,South karnataka,Chamarajanagar,BR Hills,BR HillsH684,tribal,Outside,75,5,135,0,30,120,30,75,60,60,100,0,22,0,2,,0,0,5,0,0.0,72,11.98044,77.24757
6272544f-69a9-48d3-aa7c-47963d75be9b,South karnataka,Chamarajanagar,MM Hills,MM Hills[899,tribal,Outside,90,1,300,15,45,45,60,90,90,90,100,10,18,0,6,,0,0,15,0,507.0,31,12.13767,77.47305
c0529df7-ba94-4c4e-b99d-9d1fd3ef202a,South karnataka,Chamarajanagar,BR Hills,BR HillsG134,non tribal,Outside,120,2,180,0,10,150,60,120,30,120,100,0,15,50,2,,0,0,5,0,555.0,0,11.81519,77.24783
a4651034-8599-49b3-8964-272e171e239b,South karnataka,Chamarajanagar,BR Hills,BR HillsC471,tribal,Outside,60,4,60,0,30,90,30,60,30,30,95,0,9,25,6,,0,0,5,0,0.0,423,11.77291,77.087011
409221df-c6a6-4fe2-9328-1c05cc624489,South karnataka,Chamarajanagar,BR Hills,BR HillsO809,tribal,Outside,210,2,270,0,90,20,120,210,90,210,100,0,15,0,5,,0,0,5,0,0.0,474,11.84218,77.225951
9953f767-e1fa-4c31-9bd2-6fdd0182c562,South karnataka,Chamarajanagar,BR Hills,BR Hillsc830,tribal,Inside,60,2,100,0,10,15,50,75,5,60,75,0,18,0,9,,0,0,5,0,0.0,345,11.98361,77.1396
462d5c1e-abc9-4930-b5d9-e4d33b4cf89a,South karnataka,Chamarajanagar,MM Hills,MM Hillsa869,mix,Outside,120,2,180,0,20,90,20,120,60,120,80,0,15,0,5,,0,0,5,0,200.0,85,11.92434,77.2907
1cbfe403-0d20-42a5-abe7-48f0b630ff82,South karnataka,Chamarajanagar,MM Hills,MM Hills`760,non tribal,Outside,90,0,240,60,90,90,90,90,90,90,75,0,15,0,2,,0,0,10,0,95.0,0,12.0982,77.2923317
3ae121df-9930-473d-b75d-8982e418f4cd,South karnataka,Chamarajanagar,BR Hills,BR HillsN476,mix,Outside,105,3,165,0,15,90,30,105,15,105,100,0,15,70,11,,0,0,5,0,830.0,20,11.84306,77.247879
a5c88216-e421-41b9-a68b-0475ade26f3b,South karnataka,Chamarajanagar,BR Hills,BR Hills`231,non tribal,Outside,30,6,90,0,10,5,10,30,10,30,100,0,22,75,20,,0,0,5,0,1962.0,0,12.17029,77.21364
64a4fd9c-7f19-4d74-b719-a59ef92e657e,South karnataka,Chamarajanagar,MM Hills,MM HillsQ677,mix,Inside,150,5,280,45,45,40,40,120,150,150,90,10,10,0,0,3.0,0,100,30,0,612.0,31,12.0239826,77.6318587
4dadc5a4-73b0-462f-a0fc-f10a1fc47a6e,South karnataka,Chamarajanagar,BR Hills,BR HillsT215,tribal,Outside,135,2,195,0,60,90,60,135,75,135,100,0,15,0,2,,0,0,5,0,0.0,86,11.9299,77.28733
3e3ea969-d649-4387-81c7-6b834f43c795,South karnataka,Chamarajanagar,BR Hills,BR HillsF462,non tribal,Outside,45,1,105,0,45,240,60,45,5,45,95,0,22,0,20,,0,0,5,0,500.0,0,12.09633,77.13012
d7521ed0-3e20-468c-921f-ab875bbf2039,South karnataka,Chamarajanagar,MM Hills,MM HillsU685,mix,Outside,150,5,420,15,30,15,45,150,20,30,95,10,24,50,50,,0,0,30,10,1146.0,184,11.8023139,77.4475145
d44dacc2-8407-4e4a-9ef8-cd3362daaf50,South karnataka,Chamarajanagar,BR Hills,BR HillsO617,tribal,Outside,120,1,180,0,60,240,90,120,60,120,100,0,15,0,4,,0,0,5,0,0.0,251,11.8976,77.24915
86fc69a8-2cc4-4390-9d5f-7d77bed08d61,South karnataka,Chamarajanagar,BR Hills,BR Hills_427,mix,Outside,60,5,60,0,10,10,30,60,30,60,100,0,20,0,36,,0,0,5,0,2915.0,290,11.95142,77.04566
a7675f03-4204-4427-8db5-c010e7cb75e7,South karnataka,Chamarajanagar,BR Hills,BR Hillsb671,tribal,Outside,90,1,150,0,90,120,80,100,90,90,20,0,12,0,3,,0,0,5,0,0.0,516,12.08117,77.0831
59b47b08-eca7-4dd9-b2d8-647b268b46d1,South karnataka,Chamarajanagar,BR Hills,BR HillsS216,tribal,Inside,225,0,225,15,225,120,210,225,210,225,0,0,0,0,1,,0,0,5,0,0.0,60,11.87529,77.18275
eadfe9ca-c25b-4c9b-87d3-cd53a689e0c6,South karnataka,Chamarajanagar,BR Hills,BR HillsE322,tribal,Inside,165,0,165,10,165,240,150,165,120,150,0,100,2,0,0,,0,0,120,0,0.0,40,11.84726,77.16614
b69e71d1-55ee-4253-9f12-0c1bc9afae8d,South karnataka,Chamarajanagar,BR Hills,BR HillsJ718,tribal,Outside,75,0,135,20,60,60,60,75,75,75,90,0,6,0,4,,0,0,5,0,0.0,160,12.04937,77.22378
7d2996d5-fab3-49ec-991f-29f805544465,South karnataka,Chamarajanagar,BR Hills,BR Hills`874,mix,Outside,60,0,60,0,30,45,30,60,30,60,100,0,24,0,6,,0,0,5,0,515.0,120,11.87006,77.04325
5a390a12-1e86-4833-8f08-a9d913d57942,South karnataka,Chamarajanagar,MM Hills,MM HillsP298,tribal,Outside,210,3,420,10,30,90,90,220,30,60,20,10,16,0,7,2.0,0,0,20,0,0.0,240,11.8247216,77.4173628
176c6647-c448-4883-ab4b-9f3ec6fd8ae5,South karnataka,Chamarajanagar,BR Hills,BR HillsB370,tribal,Inside,65,2,105,15,30,30,60,85,30,65,0,0,0,0,2,,0,0,5,0,0.0,326,12.00021,77.1445
92c6da06-a735-4b0a-a252-2ebeee16ef87,South karnataka,Chamarajanagar,BR Hills,BR HillsA193,tribal,Outside,180,0,240,0,60,210,120,180,90,180,80,0,15,0,5,,0,0,5,0,0.0,207,11.80003,77.24198
e23ccbe1-cd58-4db4-a294-fd1cba63fe81,South karnataka,Chamarajanagar,MM Hills,MM Hills_754,mix,Inside,150,1,300,30,60,60,60,150,120,120,100,40,10,0,0,,0,80,20,0,557.0,82,11.99701,77.55207
a01bd418-0c9f-4530-abde-bd87c75aabfa,South karnataka,Chamarajanagar,BR Hills,BR Hills_573,tribal,Outside,90,0,150,0,90,120,90,90,90,90,100,0,22,0,4,,0,0,5,0,0.0,159,12.08916,77.2126
9b31f5f0-f50d-44b4-be17-fb7193e9312f,South karnataka,Chamarajanagar,BR Hills,BR HillsB111,non tribal,Outside,40,5,100,0,20,20,15,40,30,30,100,0,22,50,6,,0,0,5,0,747.0,0,12.03916,77.2409
17ef57ff-ce0d-4bc2-b07d-d7f5e9e8092a,South karnataka,Chamarajanagar,BR Hills,BR HillsC902,mix,Outside,120,3,180,0,30,120,60,120,60,120,100,0,15,0,6,,0,0,5,0,208.0,200,11.82644,77.2507
f5ff0cc6-c1aa-41d4-8c01-2dd5ee04d692,South karnataka,Chamarajanagar,BR Hills,BR HillsG619,tribal,Inside,80,1,80,10,60,20,60,80,60,80,0,0,0,0,4,,0,0,10,0,0.0,550,11.90046,77.134
d0c22f96-77bc-4116-a353-41524a6ff58a,South karnataka,Chamarajanagar,BR Hills,BR Hills_860,non tribal,Outside,60,4,120,0,15,5,45,60,30,20,95,0,22,80,14,,0,0,10,70,2700.0,0,12.10975,77.24397
3518d81f-1dcf-4e76-ab59-f12d8210296b,South karnataka,Chamarajanagar,BR Hills,BR HillsB863,non tribal,Outside,15,6,75,0,15,5,45,15,15,15,100,0,22,75,10,,0,0,5,0,2000.0,0,12.13221,77.12648
6e9b1f61-22b2-40b9-9f29-9760099e25df,South karnataka,Chamarajanagar,MM Hills,MM HillsJ787,non tribal,Inside,130,3,360,15,15,30,70,70,70,75,85,10,24,0,4,,0,0,10,0,200.0,80,11.8191442,77.3610212
23001cee-5ca2-4b04-9eed-f9f26c80a8e8,South karnataka,Chamarajanagar,BR Hills,BR HillsB360,mix,Outside,75,0,135,0,75,240,105,75,45,75,75,0,22,0,3,,0,0,5,0,112.0,193,12.10006,77.15584
2171a753-1197-4bb2-88b4-1f93dfb03fc9,South karnataka,Chamarajanagar,BR Hills,BR HillsE325,tribal,Inside,165,0,165,90,105,105,150,165,105,165,0,100,3,0,0,,0,100,90,0,0.0,512,11.94746,77.1865
866e5578-9534-4bec-84c4-01afe4dbf208,South karnataka,Chamarajanagar,MM Hills,MM Hillsa558,mix,Inside,120,0,240,30,30,30,30,120,120,45,45,10,24,25,20,,0,0,30,25,1197.0,235,11.9838419,77.4790839
7732b813-fb92-43c9-94c4-af81e04242e2,South karnataka,Chamarajanagar,BR Hills,BR Hills[438,tribal,Outside,60,5,120,0,20,120,20,60,45,60,100,0,16,0,4,,0,0,5,0,0.0,172,11.94267,77.25266
7c6e970d-cb4f-47d7-b18e-a580eeb66943,South karnataka,Chamarajanagar,BR Hills,BR HillsJ719,tribal,Outside,160,1,220,0,60,15,75,160,60,40,90,0,15,0,6,,0,0,5,0,0.0,263,11.85639,77.22478
a71f7d49-3d3a-4467-b408-281620550901,South karnataka,Chamarajanagar,BR Hills,BR HillsY112,non tribal,Outside,45,7,45,0,5,5,5,45,5,30,90,0,9,40,12,,0,0,5,0,1136.0,0,11.77711,77.07695
59a3b0c2-9e58-4eaf-bcc0-7a61a814e875,South karnataka,Chamarajanagar,BR Hills,BR HillsG727,non tribal,Outside,60,5,120,0,60,0,30,60,15,60,100,0,20,80,20,,0,0,5,0,2207.0,160,12.04128,77.06513
6517b52c-7394-4103-a3a6-9e20b5fc9212,South karnataka,Chamarajanagar,MM Hills,MM HillsG469,mix,Outside,90,15,240,15,30,60,30,90,30,90,80,30,16,0,13,,0,0,10,0,12.0,956,12.0593977,77.5330543
ad717f9f-6eca-4666-a248-69ebb4c46db9,South karnataka,Chamarajanagar,BR Hills,BR HillsV952,non tribal,Outside,45,15,105,0,5,5,5,45,5,5,100,0,22,70,63,,0,0,5,0,4130.0,0,12.1343,77.22831
37345613-8245-4e63-a271-ebed565f0e8c,South karnataka,Chamarajanagar,MM Hills,MM Hills@511,mix,Inside,130,3,300,30,60,60,0,120,70,70,70,0,24,0,10,5.0,0,0,10,0,660.0,142,11.815414,77.3256696
6008ccd5-ef53-49d8-b3b3-ecb5a0bd0dfb,South karnataka,Chamarajanagar,MM Hills,MM Hillsa522,non tribal,Outside,90,0,210,20,20,20,20,90,90,90,95,0,24,0,4,1.0,0,0,15,0,452.0,0,12.044847,77.714284
437b02f8-546c-443d-aa77-11ed59c7f8cb,South karnataka,Chamarajanagar,MM Hills,MM HillsA885,non tribal,Outside,40,25,180,20,0,0,40,40,0,40,100,5,24,80,12,,0,0,10,15,6712.0,0,12.0660552,77.4433455
a3b43864-eeea-4d42-a0b1-d686a5487ef5,South karnataka,Chamarajanagar,BR Hills,BR HillsV256,mix,Outside,120,2,180,0,30,90,30,120,45,120,100,0,15,0,4,,0,0,5,0,134.0,25,11.92794,77.27863
2992a611-dd24-4bff-9e25-9bada83b3dfa,South karnataka,Chamarajanagar,MM Hills,MM HillsC258,mix,Outside,100,3,160,0,15,15,15,100,35,100,100,0,15,20,9,,0,0,5,0,500.0,35,11.89591,77.29108
3d5768c2-662b-4189-b9aa-4aec50306fa4,South karnataka,Chamarajanagar,BR Hills,BR HillsT594,mix,Outside,60,2,60,0,75,75,75,60,30,60,100,0,8,50,5,,0,0,5,0,120.0,690,11.81198,77.05157
3387fb98-79a2-4756-b647-eb4ca3d28130,South karnataka,Chamarajanagar,BR Hills,BR HillsH985,non tribal,Outside,60,1,60,0,30,60,30,60,30,60,100,0,21,0,12,,0,0,5,0,348.0,0,11.77766,77.09941
aa013b03-1bdf-41e4-8e50-161359234a0f,South karnataka,Chamarajanagar,MM Hills,MM HillsQ369,mix,Outside,120,2,240,15,20,30,60,120,120,120,90,0,24,0,1,,0,0,20,0,1350.0,15,12.0989525,77.4942276
1c3c47af-aac2-4dd5-a3a8-a1cad1665852,South karnataka,Chamarajanagar,MM Hills,MM HillsP220,mix,Outside,20,5,150,15,30,10,20,20,20,20,100,10,24,40,10,,0,0,15,50,1500.0,0,12.0373667,77.3554941
6baf2e1e-84a1-4718-ba21-9b45013c40e5,South karnataka,Chamarajanagar,BR Hills,BR HillsH808,non tribal,Outside,15,8,75,0,15,5,45,15,15,15,100,0,22,100,7,,0,0,5,0,912.0,0,12.13772,77.12768
cb20785f-172a-4936-8ae9-fdd52bd15e23,South karnataka,Chamarajanagar,BR Hills,BR Hills_424,non tribal,Outside,45,6,105,0,5,5,5,45,30,30,100,0,22,75,20,,0,0,5,0,3500.0,0,12.0204,77.24844
085d354c-3250-417a-a13a-bd8698fdcc13,South karnataka,Chamarajanagar,MM Hills,MM HillsT688,non tribal,Outside,90,1,300,15,30,30,45,90,45,45,80,15,16,50,0,,0,0,10,0,848.0,0,12.099489,77.495007
3de317cf-a02e-47b0-8c3e-ca6022b2f656,South karnataka,Chamarajanagar,BR Hills,BR HillsE603,non tribal,Outside,20,25,80,0,5,5,5,20,5,20,98,0,24,90,22,,0,0,5,0,12000.0,0,12.15498,77.14622
6f6c6994-82b5-4202-afdd-138efa07054b,South karnataka,Chamarajanagar,BR Hills,BR HillsC541,mix,Outside,60,4,120,0,5,10,10,60,60,60,100,0,20,75,10,,0,0,5,0,859.0,750,12.06484,77.0798
27f17201-f2f5-4f1c-b851-9593623589f2,South karnataka,Chamarajanagar,MM Hills,MM HillsM576,mix,Outside,70,15,240,15,0,0,0,70,70,70,95,10,24,50,15,,0,0,10,60,3200.0,0,12.0333126,77.5892977
12d40762-806f-48ba-8310-33208403f036,South karnataka,Chamarajanagar,MM Hills,MM HillsW864,non tribal,Outside,30,10,180,10,15,0,30,30,30,30,85,0,24,70,19,,0,0,15,0,2530.0,0,12.1423773,77.3397275
c73b3139-a388-4c44-b966-3fb15ea243b0,South karnataka,Chamarajanagar,MM Hills,MM HillsZ419,mix,Outside,60,5,180,20,20,20,20,60,60,60,100,10,24,50,12,,0,0,10,40,1770.0,0,12.0070959,77.3800898
6e860811-1c37-45a5-ac8d-201295a131f7,South karnataka,Chamarajanagar,BR Hills,BR HillsP122,non tribal,Outside,50,6,110,0,5,5,15,50,10,10,97,0,22,80,15,,0,0,5,0,3230.0,0,12.12236,77.24755
1fad6899-bd22-4ec1-93b3-dd838d1b8945,South karnataka,Chamarajanagar,BR Hills,BR HillsJ275,tribal,Inside,65,2,105,15,30,30,55,85,30,65,10,0,18,0,4,,0,0,5,0,0.0,1563,12.00191,77.14664
7ee9386c-fbf5-4495-83bf-b43e622af98f,South karnataka,Chamarajanagar,BR Hills,BR HillsL255,tribal,Inside,180,1,180,5,180,300,150,180,90,120,0,100,6,0,1,,0,100,10,0,0.0,235,11.82725,77.16846
66f80650-9073-4b5f-aa9e-7a43e25fd7c5,South karnataka,Chamarajanagar,MM Hills,MM Hills^782,mix,Inside,180,0,330,30,30,30,180,180,120,180,100,30,17,10,15,,0,0,15,0,721.0,40,12.1068925,77.6229628
4d5b3a52-2da0-41a6-a6f7-b4aeb2fda563,South karnataka,Chamarajanagar,BR Hills,BR Hills`552,non tribal,Outside,20,7,60,0,10,5,10,30,5,20,99,0,12,90,5,,0,0,5,0,2645.0,490,11.99562,77.04242
136a3d67-76f9-4a4e-b809-d10057166e7d,South karnataka,Chamarajanagar,BR Hills,BR HillsT286,non tribal,Outside,120,0,180,0,30,60,30,120,30,120,90,0,15,0,4,,0,0,5,0,208.0,0,11.86636,77.245724
cf7faa54-2683-4291-a2c8-eafdad269307,South karnataka,Chamarajanagar,BR Hills,BR HillsC702,mix,Outside,150,1,210,0,120,270,120,150,120,150,100,0,15,0,4,,0,0,5,0,15.0,192,11.90015,77.23858
57aba661-77f8-4cc3-be20-ea4cc83d28a9,South karnataka,Chamarajanagar,MM Hills,MM HillsF421,mix,Inside,180,0,300,45,90,90,90,180,100,100,90,0,18,0,0,,0,100,20,0,83.0,6,11.99983,77.59702
2811decb-4f62-419e-88a6-aca4ab98f9ae,South karnataka,Chamarajanagar,MM Hills,MM HillsZ795,non tribal,Inside,150,0,330,30,60,75,75,150,150,150,0,100,0,20,1,0.0,0,60,30,0,28.0,180,12.01788,77.63626
378d6d90-87ea-4c47-8d0e-475b0b1216d1,South karnataka,Chamarajanagar,MM Hills,MM HillsB460,non tribal,Inside,150,3,345,20,20,0,0,150,60,100,90,0,18,25,10,4.0,0,0,10,0,900.0,0,11.8194474,77.3546779
627fed8f-586f-486f-9977-d45b0fb18f13,South karnataka,Chamarajanagar,BR Hills,BR HillsS479,tribal,Outside,75,1,135,0,75,150,105,75,75,75,50,0,12,0,3,,0,0,5,0,0.0,110,12.07397,77.1468
c684242e-fa16-449d-b455-50fd9c10d5c8,South karnataka,Chamarajanagar,BR Hills,BR Hills]517,tribal,Inside,210,0,210,45,150,150,180,210,180,210,0,0,0,0,0,,0,100,10,0,0.0,25,11.81699,77.16985
bd5debe3-df4d-4347-826e-dfd7b57d60a4,South karnataka,Chamarajanagar,BR Hills,BR HillsA991,non tribal,Outside,90,0,90,0,45,45,45,90,45,60,100,0,9,100,5,,0,0,5,0,820.0,0,11.76644,77.06882
882648ec-4acb-4805-b611-b6a4234a3045,South karnataka,Chamarajanagar,BR Hills,BR Hills\684,tribal,Outside,65,8,65,5,35,50,35,65,35,50,15,0,9,0,5,,0,0,5,0,0.0,258,11.77766,77.09941
309ee0b5-aaf0-4e9a-99c8-d0d3aec6d8e7,South karnataka,Chamarajanagar,BR Hills,BR HillsM982,mix,Outside,120,1,120,0,60,120,90,120,60,60,100,0,15,100,2,,0,0,5,0,0.0,1480,11.96637,77.09856
b3468fd4-ef4f-4985-843d-89176cc7eb95,South karnataka,Chamarajanagar,BR Hills,BR HillsO582,tribal,Inside,70,2,110,0,10,25,60,75,10,70,75,0,18,0,8,,0,0,5,0,0.0,40,11.97968,77.14228
49f9a0c4-9974-4890-b931-e02cbb95d23d,South karnataka,Chamarajanagar,MM Hills,MM HillsI571,mix,Inside,90,3,200,20,30,30,30,90,30,30,95,30,24,0,10,,0,0,10,20,620.0,110,11.9636,77.46759
99c0e62b-d368-4196-ada7-76a2920e4ef2,South karnataka,Chamarajanagar,MM Hills,MM HillsP291,mix,Inside,170,0,300,75,75,120,120,170,90,90,0,100,0,0,0,2.0,0,100,30,0,141.0,41,12.032297,77.650851
febc9cd7-b7a6-45c8-9752-79fb43b36e1e,South karnataka,Chamarajanagar,MM Hills,MM HillsV124,non tribal,Outside,45,5,210,10,15,15,45,45,45,45,80,5,24,0,10,,0,0,20,0,734.0,0,12.1352648,77.3628271
ef69f4bb-f5c1-492e-bc55-9809584238f7,South karnataka,Chamarajanagar,BR Hills,BR HillsR243,non tribal,Outside,30,10,30,0,10,10,10,30,10,30,100,0,15,50,31,,0,0,5,0,7555.0,0,11.93753,77.02631
3df3c2fc-7c69-495b-8873-88bc38851c2c,South karnataka,Chamarajanagar,MM Hills,MM HillsZ682,mix,Inside,180,3,370,60,30,30,40,200,30,30,80,20,24,20,10,0.0,0,0,15,0,459.0,252,11.8229952,77.3754771
58c0ddc3-100a-497e-9343-6c4a1b638328,South karnataka,Chamarajanagar,BR Hills,BR HillsK789,tribal,Inside,210,0,270,60,120,120,120,210,150,210,0,0,0,0,2,,0,0,10,0,0.0,220,11.91607,77.21065
65416cc0-ded9-41de-87bb-5444bd076f77,South karnataka,Chamarajanagar,BR Hills,BR HillsE807,non tribal,Outside,45,5,45,0,30,5,30,45,30,45,80,0,22,30,30,,0,0,10,0,2500.0,0,11.93795,77.04677
a2d68228-8766-4381-97b1-67f96ab9055a,South karnataka,Chamarajanagar,BR Hills,BR HillsJ628,non tribal,Outside,60,4,60,0,30,120,45,60,45,60,90,0,22,50,6,,0,0,5,0,1015.0,0,11.94791,77.03856
5a0c238d-3dbe-434f-a94b-08708a5b8a54,South karnataka,Chamarajanagar,BR Hills,BR HillsR589,tribal,Inside,60,2,60,0,45,120,120,60,45,60,50,0,23,0,7,,0,0,5,0,0.0,304,11.91522,77.08485
7570a235-c42a-4613-9ac1-36a0229e17ae,South karnataka,Chamarajanagar,MM Hills,MM HillsA403,non tribal,Inside,60,4,240,20,10,45,45,60,45,45,95,10,24,65,8,,0,0,10,15,2171.0,0,12.011609,77.5019817
24309569-130f-46a3-9b17-e215c17387df,South karnataka,Chamarajanagar,BR Hills,BR HillsV241,mix,Outside,90,4,150,0,5,5,15,90,5,90,100,0,15,90,5,,0,0,5,0,1096.0,20,11.86205,77.26041
c93f79c7-2018-4500-88d0-0d7287219fc2,South karnataka,Chamarajanagar,MM Hills,MM HillsT654,non tribal,Outside,45,10,180,10,45,20,0,45,45,45,100,0,24,80,10,,0,0,5,0,1288.0,0,12.0222785,77.413973
d208e937-3c91-4156-a2e5-1b0ff0b1dfe7,South karnataka,Chamarajanagar,MM Hills,MM Hills^642,tribal,Inside,135,4,270,15,45,45,45,135,40,40,100,100,10,0,10,,0,0,10,0,0.0,197,12.0221106,77.5940497
2fd711b9-7b2c-4bb8-a7cc-c5db866260ca,South karnataka,Chamarajanagar,BR Hills,BR HillsD740,non tribal,Outside,30,20,90,0,5,5,5,30,30,30,100,0,24,100,28,,0,0,5,0,4500.0,0,12.18414,77.16399
0debad40-230a-4df5-afdc-f0011afb75ec,South karnataka,Chamarajanagar,MM Hills,MM HillsK393,non tribal,Outside,120,3,330,15,3,30,30,180,45,45,100,10,24,20,20,,0,0,15,10,1811.0,0,11.8722379,77.4615049
5ee4a4f6-53a4-453b-bb89-11db805b15b6,South karnataka,Chamarajanagar,MM Hills,MM HillsL504,mix,Inside,100,0,220,10,0,0,0,100,100,100,90,10,24,60,4,9.0,0,0,10,0,2500.0,200,12.1128036,77.6005905
58ff8137-9f35-4b4c-9284-40ef4dc27da2,South karnataka,Chamarajanagar,BR Hills,BR HillsS986,tribal,Inside,60,0,105,30,45,45,45,105,50,105,0,100,6,0,3,,0,0,30,0,0.0,720,12.03362,77.13624
99fd2250-ce8a-4bc2-a2f9-cde7973d8b02,South karnataka,Chamarajanagar,MM Hills,MM HillsI350,non tribal,Outside,90,4,150,0,5,5,5,90,90,30,100,0,15,75,25,,0,0,5,0,4000.0,0,11.89341,77.28774
a3e9be36-c58d-41d6-9868-3d2d9baf4152,South karnataka,Chamarajanagar,MM Hills,MM HillsJ960,non tribal,Outside,60,0,180,20,30,30,30,60,20,45,95,0,24,70,4,6.0,0,0,10,0,2000.0,0,12.0678259,77.4134808
b6491981-1358-4e8a-bac7-7ead3e9632d6,South karnataka,Chamarajanagar,MM Hills,MM Hills^481,non tribal,Inside,20,0,140,10,20,20,20,20,20,20,80,10,18,10,14,3.0,0,0,5,80,899.0,0,12.0320057,77.5904341
9ee45d13-1d26-464e-a3b8-6abaef6c531f,South karnataka,Chamarajanagar,BR Hills,BR HillsA695,mix,Outside,60,8,60,0,30,60,30,60,30,30,95,0,9,0,8,,0,0,5,0,511.0,59,11.77318,77.10609
de54f0e5-d157-4279-baf4-eb4ce076a602,South karnataka,Chamarajanagar,BR Hills,BR Hills`814,mix,Outside,75,8,75,0,45,90,45,75,45,45,90,0,9,15,12,,0,0,5,0,450.0,330,11.77318,77.10609
d6e8a247-b804-4d9d-9150-038b6fa61f52,South karnataka,Chamarajanagar,BR Hills,BR Hillsb211,non tribal,Outside,60,1,60,0,30,60,30,60,30,60,100,0,24,90,2,,0,0,10,0,570.0,0,11.92931,77.03514
7f1a1a3b-5be4-4e4e-82bb-f96e1dbd222e,South karnataka,Chamarajanagar,BR Hills,BR HillsW566,mix,Outside,90,0,150,0,90,150,90,90,90,90,100,0,24,5,3,,0,0,5,0,142.0,148,12.09512,77.19154
b317ef41-a006-4f66-b924-ff17531fe7dc,South karnataka,Chamarajanagar,MM Hills,MM HillsB175,non tribal,Outside,50,12,170,15,0,0,0,50,0,50,95,15,24,50,10,5.0,0,0,10,30,8000.0,0,12.0023962,77.3954334
af471426-7186-4ffb-a46b-2a7e50ab6425,South karnataka,Chamarajanagar,MM Hills,MM HillsC885,mix,Outside,120,6,280,15,20,20,20,120,90,120,90,0,12,10,6,,0,0,10,0,509.0,25,12.113345,77.620648
ab57e807-523c-4a0f-980b-1a409539615c,South karnataka,Chamarajanagar,MM Hills,MM HillsN604,non tribal,Inside,100,4,210,30,30,45,45,90,45,45,90,10,24,50,18,,0,0,15,50,1540.0,0,11.9718708,77.4720616
dcac2175-94f8-48a8-903c-94434f0f7aeb,South karnataka,Chamarajanagar,BR Hills,BR HillsL523,tribal,Outside,135,1,135,15,75,120,105,135,75,75,100,0,15,0,1,,0,0,5,0,0.0,50,11.95069,77.1011
c52db2d4-b55f-4a32-8ab1-477a649cc281,South karnataka,Chamarajanagar,MM Hills,MM Hillsb432,mix,Inside,70,4,250,15,30,25,45,90,45,45,90,90,24,0,7,2.0,0,0,10,0,210.0,160,11.9296552,77.3456917
974f4404-0285-403d-834e-26f1d49587bf,South karnataka,Chamarajanagar,BR Hills,BR Hills@772,tribal,Outside,100,0,160,30,45,120,45,100,60,60,50,0,18,0,7,,0,0,5,0,0.0,228,12.01913,77.249911
f59663ec-35a6-408c-95bf-602689bc628f,South karnataka,Chamarajanagar,MM Hills,MM Hillsc695,non tribal,Outside,90,2,210,10,15,0,45,90,45,45,70,0,24,80,3,,0,0,10,0,1237.0,0,12.097741,77.4842604
120766c5-0f46-45c9-8e72-047377ab93ac,South karnataka,Chamarajanagar,BR Hills,BR HillsR425,non tribal,Outside,45,2,90,0,10,10,15,45,15,45,100,0,18,75,3,,0,0,5,0,1052.0,1050,12.08889,77.08224
8b713958-a5a7-4803-9fbc-1681dc24b430,South karnataka,Chamarajanagar,BR Hills,BR HillsT226,non tribal,Outside,30,5,30,0,20,5,20,30,20,30,80,0,24,75,12,,0,0,5,0,2320.0,0,11.85293,77.0039
0e623ae3-985f-4ef7-b2d1-a878cc0e2232,South karnataka,Chamarajanagar,BR Hills,BR HillsA182,non tribal,Outside,15,15,75,0,15,5,20,15,15,15,100,0,24,100,7,,0,0,5,5,3000.0,0,12.15873,77.12582
935c647d-c800-4636-9052-2189d3ddae87,South karnataka,Chamarajanagar,BR Hills,BR Hillsa494,tribal,Inside,50,2,90,0,30,40,50,70,20,50,25,0,18,0,2,,0,0,5,0,0.0,465,11.99764,77.15047
db77f7e6-e9c3-4feb-a77a-e9aeec0d258d,South karnataka,Chamarajanagar,BR Hills,BR HillsK663,non tribal,Outside,45,10,105,0,5,5,15,45,5,15,100,0,22,100,13,,0,0,5,0,3111.0,0,12.1446,77.22087
075cf5ad-ae20-49ac-8b8a-4d41c684675f,South karnataka,Chamarajanagar,BR Hills,BR HillsC797,tribal,Outside,180,0,240,30,75,60,75,180,75,180,100,0,15,0,2,,0,0,5,0,0.0,48,11.85451,77.27992
2ac6b407-11cf-45eb-8e06-99ec123ce35a,South karnataka,Chamarajanagar,BR Hills,BR HillsW395,tribal,Outside,60,8,60,0,30,45,30,60,30,45,20,0,9,0,4,,0,0,5,0,0.0,256,11.77273,77.10009
07b432c3-06f2-4797-8f28-11b89d95fc66,South karnataka,Chamarajanagar,MM Hills,MM HillsR546,mix,Inside,75,5,240,15,40,10,10,120,20,20,90,0,24,70,5,3.0,0,0,10,20,1468.0,0,11.983956,77.4793626
99cc245c-7ba6-43c9-9eab-e105742d7894,South karnataka,Chamarajanagar,MM Hills,MM HillsG523,mix,Outside,210,3,400,30,60,60,180,180,60,60,50,30,24,0,14,2.0,0,0,20,0,300.0,246,11.8257414,77.3915415
4a3e203c-ac17-47e2-9b55-da20f0555097,South karnataka,Chamarajanagar,BR Hills,BR Hillsa339,mix,Outside,20,7,60,0,15,5,20,30,30,30,100,0,12,95,6,,0,0,5,0,1412.0,300,12.01299,77.04104
e0d5660f-487e-4c29-8d5a-72a403f5e0d7,South karnataka,Chamarajanagar,BR Hills,BR Hills[255,non tribal,Outside,30,5,90,0,20,15,60,30,30,30,100,0,22,100,3,,0,0,5,0,2000.0,0,12.12475,77.13243
10e323c5-9bac-413e-8a32-e311c5631e48,South karnataka,Chamarajanagar,BR Hills,BR HillsR798,non tribal,Outside,120,5,180,0,20,5,60,120,20,90,100,0,15,0,11,,0,0,5,0,522.0,0,11.87886,77.26239
21d9f032-2d18-44cc-bd57-71ae4b77d0dc,South karnataka,Chamarajanagar,MM Hills,MM HillsR565,non tribal,Outside,30,6,150,10,30,30,30,30,30,30,90,10,24,70,12,,0,0,10,0,1507.0,0,12.0812294,77.2779227
935d663f-c0e1-4885-94c7-f7bc5bad1727,South karnataka,Chamarajanagar,BR Hills,BR HillsP172,mix,Outside,120,1,180,0,90,240,90,120,60,120,100,0,15,0,3,,0,0,5,0,81.0,25,11.88339,77.243928
ee4088a7-71d5-41d1-96e0-44e3969831f0,South karnataka,Chamarajanagar,BR Hills,BR HillsE391,non tribal,Outside,10,20,45,0,10,15,10,25,10,10,100,0,19,80,10,,0,0,5,0,1217.0,530,12.04565,77.04317
09806dd6-0c1f-44d4-bf67-9c3eb529885f,South karnataka,Chamarajanagar,MM Hills,MM HillsX576,non tribal,Outside,105,4,165,0,15,20,15,150,15,120,100,0,16,90,5,,0,0,10,20,2500.0,0,11.86537,77.27407
511e01b7-8e55-4252-b934-656867910ffc,South karnataka,Chamarajanagar,BR Hills,BR HillsX230,non tribal,Outside,30,2,60,0,30,20,30,40,30,40,100,0,20,50,7,,0,0,5,0,476.0,856,12.04229,77.0807
7f8e9383-804a-430f-bd20-7fa6db8dd3a7,South karnataka,Chamarajanagar,MM Hills,MM HillsF690,non tribal,Outside,90,15,210,15,30,45,45,90,30,30,100,0,18,0,17,8.0,0,0,30,10,1382.0,0,12.0657585,77.5051924
fe860701-314d-4a72-ac62-f0a98d8f1fb3,South karnataka,Chamarajanagar,BR Hills,BR HillsM249,non tribal,Outside,60,10,60,0,10,10,10,60,10,60,100,0,18,90,6,,0,0,5,0,1600.0,0,11.77803,76.99125
e244add6-5473-4dd7-aa43-76e6c7791239,South karnataka,Chamarajanagar,BR Hills,BR HillsG523,non tribal,Outside,60,7,60,0,15,15,15,60,15,30,100,0,9,75,15,,0,0,5,0,600.0,0,11.77867,77.077234
6496be7f-164c-4620-8b38-df2f376be81b,South karnataka,Chamarajanagar,MM Hills,MM HillsT556,mix,Outside,150,0,210,0,30,30,60,150,20,150,100,0,15,0,6,,0,0,5,0,645.0,90,11.85112,77.26447
989f1145-fc25-4614-a31c-4c1e33a62b56,South karnataka,Chamarajanagar,BR Hills,BR Hillsc820,mix,Outside,30,5,90,0,15,5,30,30,30,30,98,0,23,50,25,,0,0,5,10,4392.0,40,12.02181,77.06149
77829f5c-0253-4afc-bff8-2c6671fbab54,South karnataka,Chamarajanagar,BR Hills,BR HillsV868,mix,Inside,60,2,100,5,20,30,50,80,60,60,80,0,18,0,11,,0,0,5,0,42.0,400,11.99152,77.14982
ba571413-6751-4730-a886-8aaee641f926,South karnataka,Chamarajanagar,BR Hills,BR HillsP215,tribal,Outside,90,0,90,0,45,45,45,90,45,75,20,0,9,8,2,,0,0,5,0,0.0,188,11.75734,77.07773
75601e1f-cf6f-43e3-9615-0f69b736d67e,South karnataka,Chamarajanagar,BR Hills,BR HillsA234,mix,Outside,180,0,240,0,120,300,120,180,120,180,100,0,15,0,2,,0,0,5,0,120.0,20,11.91146,77.260772
66143ecf-2b75-4de4-9116-8af322b04906,South karnataka,Chamarajanagar,BR Hills,BR Hills_168,tribal,Outside,60,1,120,0,60,150,90,60,60,60,100,0,12,0,3,,0,0,5,0,0.0,114,12.06769,77.15392
7f84b132-81bc-4573-92e7-2414829875c5,North east ,Pakke kesang,Pakke,Pakke]870,tribal,Outside,60,3,60,5,20,10,15,60,60,300,90,0,24,20,4,0.0,0,100,20,0,30.0,70,27.26789,93.08847
93282340-1dbb-4adb-857b-16253464d8f0,North east ,west kameng,Pakke,PakkeQ929,mix,Outside,25,3,172,1,25,25,35,35,45,55,80,20,0,1,0,,0,100,7,0,75.0,25,27.07194444,92.59083333
22a06dcf-f70a-47d9-ad51-de18fd762377,North east ,east kameng,Pakke,PakkeL408,tribal,Fringe,20,4,190,10,10,10,20,195,195,230,100,0,23,4,2,,0,100,20,0,20.0,80,26.93400556,93.0119
05df11c2-2055-47be-a2fc-d5f1daf3c4af,North east ,east kameng,Pakke,PakkeH169,tribal,Fringe,25,5,190,15,20,20,25,180,160,245,100,0,20,0,1,,0,100,10,0,20.0,80,26.91902,93.05752
ebb51b2e-1d49-4bf8-bc18-b668fe669752,North east ,west kameng,Pakke,PakkeQ925,mix,Fringe,40,3,168,1,30,30,40,40,50,60,0,100,0,1,0,,0,100,10,0,60.0,40,27.08138889,92.58888889
83517abc-1be4-40fa-aded-2c559216622b,North east ,west kameng,Pakke,PakkeO999,mix,Outside,50,4,120,5,10,35,50,50,60,75,100,0,20,5,2,,0,100,10,0,60.0,40,27.07422222,92.58892222
bf1f2a7d-8364-4c32-949d-ab402cdefb1d,North east ,east kameng,Pakke,PakkeL287,tribal,Fringe,15,5,180,5,10,10,15,180,150,240,100,0,22,10,2,,0,100,25,0,35.0,65,26.95861,93.01066
a622991f-95bc-4fda-a75d-258e89e0d879,North east ,west kameng,Pakke,Pakkec973,mix,Outside,30,3,180,1,30,30,30,30,30,30,20,12,10,0,0,,0,100,2,0,45.0,5,27.08055556,92.58916667
16bb717b-3629-4ca4-b91d-93a6bfd3c135,North east ,east kameng,Pakke,PakkeZ404,tribal,Fringe,45,4,60,2,15,10,15,60,60,120,80,0,23,5,2,,0,100,10,0,30.0,70,27.28376,92.86382
3fba8126-aba3-4785-830f-9d7221a1404a,North east ,west kameng,Pakke,PakkeF151,mix,Outside,35,3,165,1,25,30,35,35,45,60,0,50,0,1,0,,0,100,15,0,95.0,5,27.04694444,92.59527778
fd691ea6-690e-4a20-bc4c-185d423987a0,North east ,west kameng,Pakke,PakkeX685,mix,Outside,35,3,165,1,25,30,35,35,45,60,0,50,0,1,0,,0,100,15,0,95.0,5,27.05,92.59555556
375a8328-54ff-4ea3-82e1-5d099a0b6850,North east ,Pakke kesang,Pakke,PakkeA414,tribal,Fringe,30,4,45,2,30,10,45,45,45,100,100,0,20,6,2,,0,100,15,0,10.0,90,27.15953,93.18596
35d0c3d6-ffd6-4060-b5b7-801a1cf88db0,North east ,east kameng,Pakke,PakkeD252,tribal,Fringe,15,5,30,2,10,10,18,30,10,30,60,0,24,5,2,,0,100,15,0,35.0,65,27.27971,92.88018
48b5894c-c0aa-4945-aa7c-c60f67f70f72,North east ,west kameng,Pakke,PakkeB771,tribal,Fringe,180,2,210,15,10,15,10,180,180,45,80,0,24,13,2,,0,100,25,0,40.0,60,27.17723,92.69334
07cb3b0b-4d86-4b2e-abaf-7c1d05dc4012,North east ,east kameng,Pakke,Pakkeb818,tribal,Fringe,90,2,120,15,10,15,60,120,120,120,90,0,18,10,3,,0,100,15,0,25.0,75,27.269,93.03797
35beaf44-15ff-4e58-9227-be0a8e6fd579,North east ,east kameng,Pakke,Pakke]755,tribal,Fringe,180,2,240,1,110,45,160,180,200,180,100,0,20,3,1,,0,100,15,0,25.0,75,27.27048,92.72691
f7e7ba17-1b64-40f9-bc16-fbd5c59a392e,North east ,west kameng,Pakke,PakkeB160,mix,Fringe,120,5,170,5,10,10,150,150,160,170,100,0,18,12,2,,0,100,10,0,60.0,40,27.10509,92.52637
3fd35d19-1853-4ab9-b3fa-837c2a188ad0,North east ,west kameng,Pakke,PakkeB542,tribal,Fringe,15,2,180,2,10,10,20,20,20,30,100,0,23,45,2,,0,100,20,0,40.0,60,27.03259,92.60899
0cfe7354-e03f-4f7f-a0f8-082ee5091d6a,North east ,west kameng,Pakke,Pakkea802,tribal,Outside,10,3,220,1,15,10,10,10,15,20,100,0,24,50,3,,0,100,20,0,40.0,60,27.05364167,93.02143611
4a2c85b0-a35b-4b5b-9ab0-b56f43ecb0f2,North east ,Pakke kesang,Pakke,PakkeG767,tribal,Outside,60,2,120,3,60,60,100,100,140,60,100,0,20,5,1,,0,100,10,0,5.0,95,27.21928,93.12504
